시도,시군구,시간대,발생건수,사망자수,부상자수,중상,경상,부상신고
서울,종로구,00시-02시,76,1,114,23,83,8
서울,종로구,02시-04시,40,0,60,11,45,4
서울,종로구,04시-06시,43,0,58,13,37,8
서울,종로구,06시-08시,64,2,93,20,65,8
서울,종로구,08시-10시,94,0,132,29,71,32
서울,종로구,10시-12시,108,0,136,30,92,14
서울,종로구,12시-14시,111,1,137,30,92,15
서울,종로구,14시-16시,118,0,168,28,115,25
서울,종로구,16시-18시,105,0,138,28,91,19
서울,종로구,18시-20시,131,0,162,36,107,19
서울,종로구,20시-22시,115,1,167,34,121,12
서울,종로구,22시-24시,129,1,181,38,120,23
서울,중구,00시-02시,64,0,98,29,58,11
서울,중구,02시-04시,57,0,73,16,50,7
서울,중구,04시-06시,51,3,58,24,28,6
서울,중구,06시-08시,60,0,95,19,68,8
서울,중구,08시-10시,92,0,118,32,73,13
서울,중구,10시-12시,131,1,167,54,96,17
서울,중구,12시-14시,125,0,165,34,110,21
서울,중구,14시-16시,118,0,159,39,103,17
서울,중구,16시-18시,121,1,173,40,117,16
서울,중구,18시-20시,119,3,152,31,106,15
서울,중구,20시-22시,107,1,138,36,85,17
서울,중구,22시-24시,83,0,110,26,68,16
서울,용산구,00시-02시,93,3,142,37,101,4
서울,용산구,02시-04시,71,1,103,24,69,10
서울,용산구,04시-06시,65,2,92,25,58,9
서울,용산구,06시-08시,81,2,111,23,81,7
서울,용산구,08시-10시,123,2,149,33,110,6
서울,용산구,10시-12시,120,1,168,33,120,15
서울,용산구,12시-14시,114,0,166,39,119,8
서울,용산구,14시-16시,124,1,170,35,130,5
서울,용산구,16시-18시,134,0,193,35,149,9
서울,용산구,18시-20시,145,0,186,38,143,5
서울,용산구,20시-22시,142,2,198,38,145,15
서울,용산구,22시-24시,118,0,174,45,118,11
서울,성동구,00시-02시,71,0,97,25,67,5
서울,성동구,02시-04시,54,2,90,17,67,6
서울,성동구,04시-06시,57,1,99,26,65,8
서울,성동구,06시-08시,66,0,80,15,61,4
서울,성동구,08시-10시,109,1,134,26,98,10
서울,성동구,10시-12시,103,1,147,29,111,7
서울,성동구,12시-14시,96,0,132,17,103,12
서울,성동구,14시-16시,119,0,153,34,111,8
서울,성동구,16시-18시,122,2,144,35,99,10
서울,성동구,18시-20시,129,1,183,41,123,19
서울,성동구,20시-22시,112,1,147,26,110,11
서울,성동구,22시-24시,105,0,155,35,111,9
서울,동대문구,00시-02시,70,1,103,34,63,6
서울,동대문구,02시-04시,46,2,59,18,34,7
서울,동대문구,04시-06시,58,2,76,23,47,6
서울,동대문구,06시-08시,102,2,118,34,70,14
서울,동대문구,08시-10시,170,0,222,56,150,16
서울,동대문구,10시-12시,160,0,215,61,135,19
서울,동대문구,12시-14시,183,2,211,59,143,9
서울,동대문구,14시-16시,195,1,248,59,170,19
서울,동대문구,16시-18시,212,2,260,66,177,17
서울,동대문구,18시-20시,196,0,233,60,154,19
서울,동대문구,20시-22시,170,1,212,63,138,11
서울,동대문구,22시-24시,137,1,203,64,127,12
서울,성북구,00시-02시,97,1,164,31,124,9
서울,성북구,02시-04시,70,1,124,21,99,4
서울,성북구,04시-06시,53,2,71,20,49,2
서울,성북구,06시-08시,64,0,94,27,64,3
서울,성북구,08시-10시,144,1,195,45,138,12
서울,성북구,10시-12시,110,1,145,33,102,10
서울,성북구,12시-14시,149,1,196,45,140,11
서울,성북구,14시-16시,148,2,201,41,144,16
서울,성북구,16시-18시,156,1,205,52,139,14
서울,성북구,18시-20시,189,0,253,48,184,21
서울,성북구,20시-22시,116,2,150,37,100,13
서울,성북구,22시-24시,131,2,182,42,128,12
서울,도봉구,00시-02시,30,0,48,9,32,7
서울,도봉구,02시-04시,30,0,48,13,33,2
서울,도봉구,04시-06시,25,0,41,8,27,6
서울,도봉구,06시-08시,42,0,56,15,36,5
서울,도봉구,08시-10시,84,0,117,29,77,11
서울,도봉구,10시-12시,69,0,94,28,52,14
서울,도봉구,12시-14시,71,0,79,22,48,9
서울,도봉구,14시-16시,90,1,102,35,58,9
서울,도봉구,16시-18시,120,2,156,41,100,15
서울,도봉구,18시-20시,125,3,144,42,84,18
서울,도봉구,20시-22시,72,0,87,17,56,14
서울,도봉구,22시-24시,66,0,89,22,56,11
서울,은평구,00시-02시,86,2,129,23,96,10
서울,은평구,02시-04시,53,2,76,24,48,4
서울,은평구,04시-06시,32,0,42,8,31,3
서울,은평구,06시-08시,78,0,110,26,76,8
서울,은평구,08시-10시,108,1,159,38,97,24
서울,은평구,10시-12시,106,2,140,32,94,14
서울,은평구,12시-14시,107,2,140,34,93,13
서울,은평구,14시-16시,121,1,164,38,111,15
서울,은평구,16시-18시,125,0,168,38,116,14
서울,은평구,18시-20시,125,1,177,36,122,19
서울,은평구,20시-22시,103,0,151,45,92,14
서울,은평구,22시-24시,90,1,124,25,88,11
서울,서대문구,00시-02시,71,1,104,25,65,14
서울,서대문구,02시-04시,45,0,65,11,51,3
서울,서대문구,04시-06시,33,0,41,16,22,3
서울,서대문구,06시-08시,55,1,86,25,57,4
서울,서대문구,08시-10시,104,0,133,26,84,23
서울,서대문구,10시-12시,97,0,129,25,86,18
서울,서대문구,12시-14시,93,0,139,35,89,15
서울,서대문구,14시-16시,102,0,136,31,92,13
서울,서대문구,16시-18시,122,0,152,34,96,22
서울,서대문구,18시-20시,123,0,149,43,85,21
서울,서대문구,20시-22시,102,1,148,28,90,30
서울,서대문구,22시-24시,86,2,121,27,73,21
서울,마포구,00시-02시,154,1,246,43,189,14
서울,마포구,02시-04시,97,3,148,37,104,7
서울,마포구,04시-06시,83,1,131,34,91,6
서울,마포구,06시-08시,92,1,119,27,79,13
서울,마포구,08시-10시,127,1,184,36,135,13
서울,마포구,10시-12시,123,2,175,30,135,10
서울,마포구,12시-14시,157,0,235,52,165,18
서울,마포구,14시-16시,150,0,210,36,162,12
서울,마포구,16시-18시,141,1,185,27,130,28
서울,마포구,18시-20시,215,0,317,63,237,17
서울,마포구,20시-22시,170,1,231,43,176,12
서울,마포구,22시-24시,162,0,248,31,200,17
서울,강서구,00시-02시,95,1,153,32,111,10
서울,강서구,02시-04시,67,2,108,23,77,8
서울,강서구,04시-06시,82,1,132,29,96,7
서울,강서구,06시-08시,96,1,134,31,97,6
서울,강서구,08시-10시,145,0,199,46,138,15
서울,강서구,10시-12시,119,0,163,33,116,14
서울,강서구,12시-14시,130,0,184,39,130,15
서울,강서구,14시-16시,132,0,179,39,128,12
서울,강서구,16시-18시,176,2,244,60,168,16
서울,강서구,18시-20시,165,2,243,49,169,25
서울,강서구,20시-22시,171,0,282,67,192,23
서울,강서구,22시-24시,124,2,187,41,124,22
서울,구로구,00시-02시,99,0,170,32,135,3
서울,구로구,02시-04시,53,0,67,9,52,6
서울,구로구,04시-06시,71,1,99,31,59,9
서울,구로구,06시-08시,90,2,111,21,87,3
서울,구로구,08시-10시,132,0,178,30,133,15
서울,구로구,10시-12시,124,1,175,40,122,13
서울,구로구,12시-14시,133,0,188,50,120,18
서울,구로구,14시-16시,169,2,228,46,162,20
서울,구로구,16시-18시,189,0,253,51,184,18
서울,구로구,18시-20시,180,0,223,57,154,12
서울,구로구,20시-22시,159,5,237,48,173,16
서울,구로구,22시-24시,133,2,200,37,155,8
서울,영등포구,00시-02시,163,3,278,57,200,21
서울,영등포구,02시-04시,101,1,159,35,110,14
서울,영등포구,04시-06시,97,1,142,29,104,9
서울,영등포구,06시-08시,134,3,183,40,133,10
서울,영등포구,08시-10시,260,4,343,52,260,31
서울,영등포구,10시-12시,213,1,270,51,193,26
서울,영등포구,12시-14시,212,0,302,53,231,18
서울,영등포구,14시-16시,229,2,305,40,232,33
서울,영등포구,16시-18시,270,0,376,57,282,37
서울,영등포구,18시-20시,322,2,430,67,332,31
서울,영등포구,20시-22시,237,1,365,74,245,46
서울,영등포구,22시-24시,255,4,379,65,274,40
서울,동작구,00시-02시,90,0,140,27,99,14
서울,동작구,02시-04시,55,0,93,16,66,11
서울,동작구,04시-06시,55,2,74,19,45,10
서울,동작구,06시-08시,75,0,99,22,66,11
서울,동작구,08시-10시,166,1,208,37,151,20
서울,동작구,10시-12시,110,0,151,38,101,12
서울,동작구,12시-14시,127,1,164,36,110,18
서울,동작구,14시-16시,131,2,186,50,112,24
서울,동작구,16시-18시,135,2,169,39,103,27
서울,동작구,18시-20시,188,0,229,54,138,37
서울,동작구,20시-22시,147,0,194,37,127,30
서울,동작구,22시-24시,133,1,185,42,124,19
서울,관악구,00시-02시,113,2,158,25,117,16
서울,관악구,02시-04시,78,0,120,21,87,12
서울,관악구,04시-06시,56,1,81,20,53,8
서울,관악구,06시-08시,76,0,103,21,73,9
서울,관악구,08시-10시,109,0,139,28,105,6
서울,관악구,10시-12시,117,1,139,30,99,10
서울,관악구,12시-14시,104,0,120,28,81,11
서울,관악구,14시-16시,122,0,156,32,113,11
서울,관악구,16시-18시,134,0,178,38,122,18
서울,관악구,18시-20시,141,1,168,40,112,16
서울,관악구,20시-22시,129,2,167,35,122,10
서울,관악구,22시-24시,121,1,188,23,145,20
서울,강남구,00시-02시,299,3,463,92,347,24
서울,강남구,02시-04시,213,2,335,68,240,27
서울,강남구,04시-06시,164,5,229,51,165,13
서울,강남구,06시-08시,169,3,234,47,166,21
서울,강남구,08시-10시,296,2,405,70,306,29
서울,강남구,10시-12시,317,0,434,81,321,32
서울,강남구,12시-14시,337,2,480,93,341,46
서울,강남구,14시-16시,344,0,479,84,360,35
서울,강남구,16시-18시,317,1,426,67,319,40
서울,강남구,18시-20시,389,0,538,92,389,57
서울,강남구,20시-22시,295,0,421,81,310,30
서울,강남구,22시-24시,319,2,523,99,384,40
서울,강동구,00시-02시,70,0,99,27,62,10
서울,강동구,02시-04시,57,0,87,19,59,9
서울,강동구,04시-06시,51,2,70,22,44,4
서울,강동구,06시-08시,81,1,119,16,88,15
서울,강동구,08시-10시,134,2,188,36,135,17
서울,강동구,10시-12시,136,1,193,36,143,14
서울,강동구,12시-14시,130,2,165,46,100,19
서울,강동구,14시-16시,142,0,194,47,114,33
서울,강동구,16시-18시,175,0,215,43,144,28
서울,강동구,18시-20시,181,2,230,57,150,23
서울,강동구,20시-22시,123,1,166,45,94,27
서울,강동구,22시-24시,138,1,196,56,127,13
서울,송파구,00시-02시,170,1,248,52,169,27
서울,송파구,02시-04시,111,4,161,41,100,20
서울,송파구,04시-06시,95,1,145,45,80,20
서울,송파구,06시-08시,166,6,245,50,164,31
서울,송파구,08시-10시,261,1,346,64,239,43
서울,송파구,10시-12시,245,2,331,47,237,47
서울,송파구,12시-14시,258,2,337,63,226,48
서울,송파구,14시-16시,329,0,461,104,298,59
서울,송파구,16시-18시,321,5,437,74,312,51
서울,송파구,18시-20시,356,0,460,97,309,54
서울,송파구,20시-22시,297,2,389,71,281,37
서울,송파구,22시-24시,251,3,372,70,266,36
서울,서초구,00시-02시,131,1,197,47,132,18
서울,서초구,02시-04시,98,1,156,32,110,14
서울,서초구,04시-06시,106,4,163,32,119,12
서울,서초구,06시-08시,142,2,208,45,149,14
서울,서초구,08시-10시,240,0,336,56,264,16
서울,서초구,10시-12시,262,2,388,72,279,37
서울,서초구,12시-14시,251,1,397,79,265,53
서울,서초구,14시-16시,226,0,325,40,265,20
서울,서초구,16시-18시,279,0,385,68,272,45
서울,서초구,18시-20시,289,2,430,92,299,39
서울,서초구,20시-22시,216,1,310,59,221,30
서울,서초구,22시-24시,238,4,345,71,250,24
서울,양천구,00시-02시,86,3,136,28,93,15
서울,양천구,02시-04시,45,1,67,8,53,6
서울,양천구,04시-06시,60,4,89,32,50,7
서울,양천구,06시-08시,102,0,137,26,104,7
서울,양천구,08시-10시,128,1,152,27,116,9
서울,양천구,10시-12시,125,0,163,27,122,14
서울,양천구,12시-14시,127,0,166,27,125,14
서울,양천구,14시-16시,142,1,181,33,130,18
서울,양천구,16시-18시,165,0,212,31,162,19
서울,양천구,18시-20시,176,0,247,46,178,23
서울,양천구,20시-22시,141,0,191,42,137,12
서울,양천구,22시-24시,131,1,198,49,138,11
서울,중랑구,00시-02시,86,1,132,32,86,14
서울,중랑구,02시-04시,39,0,48,14,31,3
서울,중랑구,04시-06시,75,1,116,40,69,7
서울,중랑구,06시-08시,73,1,109,18,78,13
서울,중랑구,08시-10시,135,0,185,36,138,11
서울,중랑구,10시-12시,128,1,163,44,106,13
서울,중랑구,12시-14시,148,1,216,53,143,20
서울,중랑구,14시-16시,162,1,194,45,128,21
서울,중랑구,16시-18시,204,0,253,60,166,27
서울,중랑구,18시-20시,217,2,296,62,204,30
서울,중랑구,20시-22시,169,2,238,57,162,19
서울,중랑구,22시-24시,129,0,185,37,133,15
서울,노원구,00시-02시,106,2,174,34,129,11
서울,노원구,02시-04시,55,3,92,9,75,8
서울,노원구,04시-06시,75,2,103,25,68,10
서울,노원구,06시-08시,91,0,118,28,80,10
서울,노원구,08시-10시,141,1,193,37,141,15
서울,노원구,10시-12시,139,2,198,49,134,15
서울,노원구,12시-14시,154,1,201,37,142,22
서울,노원구,14시-16시,150,1,225,35,173,17
서울,노원구,16시-18시,192,1,251,38,192,21
서울,노원구,18시-20시,181,0,241,49,169,23
서울,노원구,20시-22시,166,1,251,40,196,15
서울,노원구,22시-24시,119,0,180,34,133,13
서울,광진구,00시-02시,104,1,151,41,105,5
서울,광진구,02시-04시,51,0,83,17,64,2
서울,광진구,04시-06시,34,1,40,8,30,2
서울,광진구,06시-08시,64,2,97,19,66,12
서울,광진구,08시-10시,107,1,121,24,91,6
서울,광진구,10시-12시,89,0,130,25,99,6
서울,광진구,12시-14시,104,2,126,36,85,5
서울,광진구,14시-16시,98,0,126,36,83,7
서울,광진구,16시-18시,107,3,137,33,92,12
서울,광진구,18시-20시,103,0,129,27,95,7
서울,광진구,20시-22시,124,0,163,38,114,11
서울,광진구,22시-24시,123,0,171,39,122,10
서울,강북구,00시-02시,80,2,103,23,75,5
서울,강북구,02시-04시,74,0,103,20,77,6
서울,강북구,04시-06시,61,3,96,23,71,2
서울,강북구,06시-08시,64,4,82,19,60,3
서울,강북구,08시-10시,99,0,128,31,92,5
서울,강북구,10시-12시,113,1,130,39,82,9
서울,강북구,12시-14시,107,0,147,31,113,3
서울,강북구,14시-16시,115,0,136,38,92,6
서울,강북구,16시-18시,134,0,165,42,118,5
서울,강북구,18시-20시,142,0,196,43,148,5
서울,강북구,20시-22시,118,3,204,42,154,8
서울,강북구,22시-24시,109,0,143,30,105,8
서울,금천구,00시-02시,70,0,96,22,67,7
서울,금천구,02시-04시,41,2,70,11,57,2
서울,금천구,04시-06시,39,0,58,15,41,2
서울,금천구,06시-08시,62,0,89,24,59,6
서울,금천구,08시-10시,78,0,105,23,78,4
서울,금천구,10시-12시,74,0,92,25,65,2
서울,금천구,12시-14시,62,0,89,15,70,4
서울,금천구,14시-16시,78,2,98,20,68,10
서울,금천구,16시-18시,106,0,194,47,133,14
서울,금천구,18시-20시,128,1,173,25,127,21
서울,금천구,20시-22시,99,0,134,40,84,10
서울,금천구,22시-24시,95,1,128,34,91,3
부산,중구,00시-02시,21,0,39,9,30,0
부산,중구,02시-04시,12,2,18,2,14,2
부산,중구,04시-06시,7,0,8,3,4,1
부산,중구,06시-08시,17,0,17,7,7,3
부산,중구,08시-10시,37,0,42,14,27,1
부산,중구,10시-12시,32,0,40,14,23,3
부산,중구,12시-14시,47,0,59,21,34,4
부산,중구,14시-16시,51,0,68,16,48,4
부산,중구,16시-18시,52,1,72,21,44,7
부산,중구,18시-20시,51,0,69,10,51,8
부산,중구,20시-22시,36,0,50,14,34,2
부산,중구,22시-24시,30,0,41,16,20,5
부산,서구,00시-02시,19,0,28,8,19,1
부산,서구,02시-04시,12,0,17,4,12,1
부산,서구,04시-06시,10,0,14,3,8,3
부산,서구,06시-08시,23,1,33,14,15,4
부산,서구,08시-10시,60,2,74,15,55,4
부산,서구,10시-12시,43,0,69,9,54,6
부산,서구,12시-14시,47,2,57,16,40,1
부산,서구,14시-16시,53,0,74,12,56,6
부산,서구,16시-18시,62,1,95,18,75,2
부산,서구,18시-20시,54,0,67,17,47,3
부산,서구,20시-22시,39,0,49,14,29,6
부산,서구,22시-24시,30,0,50,11,36,3
부산,동구,00시-02시,20,3,28,5,21,2
부산,동구,02시-04시,17,0,22,13,5,4
부산,동구,04시-06시,12,0,18,4,11,3
부산,동구,06시-08시,35,0,46,13,31,2
부산,동구,08시-10시,64,0,83,22,57,4
부산,동구,10시-12시,64,0,85,25,56,4
부산,동구,12시-14시,60,0,84,24,52,8
부산,동구,14시-16시,71,0,112,33,77,2
부산,동구,16시-18시,59,0,75,17,52,6
부산,동구,18시-20시,83,0,108,23,77,8
부산,동구,20시-22시,59,0,81,18,55,8
부산,동구,22시-24시,43,0,70,18,47,5
부산,영도구,00시-02시,8,0,12,1,9,2
부산,영도구,02시-04시,8,0,10,3,6,1
부산,영도구,04시-06시,9,0,11,4,7,0
부산,영도구,06시-08시,17,1,20,7,13,0
부산,영도구,08시-10시,35,1,49,11,37,1
부산,영도구,10시-12시,35,0,52,21,30,1
부산,영도구,12시-14시,34,1,39,12,25,2
부산,영도구,14시-16시,41,1,57,20,33,4
부산,영도구,16시-18시,55,0,69,17,50,2
부산,영도구,18시-20시,42,0,48,17,26,5
부산,영도구,20시-22시,36,1,41,15,24,2
부산,영도구,22시-24시,12,0,15,7,7,1
부산,부산진구,00시-02시,103,2,154,48,94,12
부산,부산진구,02시-04시,81,3,123,28,88,7
부산,부산진구,04시-06시,92,2,130,49,77,4
부산,부산진구,06시-08시,75,1,96,29,57,10
부산,부산진구,08시-10시,130,0,174,59,100,15
부산,부산진구,10시-12시,111,0,140,49,79,12
부산,부산진구,12시-14시,146,0,184,58,106,20
부산,부산진구,14시-16시,182,2,214,69,121,24
부산,부산진구,16시-18시,203,3,280,93,157,30
부산,부산진구,18시-20시,201,2,278,70,183,25
부산,부산진구,20시-22시,172,1,218,60,139,19
부산,부산진구,22시-24시,129,2,188,46,123,19
부산,동래구,00시-02시,45,0,62,17,43,2
부산,동래구,02시-04시,25,1,37,10,25,2
부산,동래구,04시-06시,33,1,38,18,19,1
부산,동래구,06시-08시,46,0,50,17,31,2
부산,동래구,08시-10시,89,0,126,27,89,10
부산,동래구,10시-12시,92,0,122,33,81,8
부산,동래구,12시-14시,81,1,116,33,80,3
부산,동래구,14시-16시,95,1,127,22,97,8
부산,동래구,16시-18시,128,0,174,42,117,15
부산,동래구,18시-20시,138,2,198,56,128,14
부산,동래구,20시-22시,105,0,136,35,91,10
부산,동래구,22시-24시,75,0,117,39,73,5
부산,남구,00시-02시,40,0,54,17,31,6
부산,남구,02시-04시,27,0,39,15,20,4
부산,남구,04시-06시,29,3,32,13,18,1
부산,남구,06시-08시,43,0,57,24,33,0
부산,남구,08시-10시,72,2,94,30,50,14
부산,남구,10시-12시,73,0,89,21,61,7
부산,남구,12시-14시,85,1,114,28,74,12
부산,남구,14시-16시,97,2,125,34,71,20
부산,남구,16시-18시,81,0,103,23,71,9
부산,남구,18시-20시,115,0,149,44,94,11
부산,남구,20시-22시,77,1,103,24,69,10
부산,남구,22시-24시,58,0,79,28,43,8
부산,북구,00시-02시,26,0,42,5,33,4
부산,북구,02시-04시,25,0,41,9,32,0
부산,북구,04시-06시,20,1,38,17,20,1
부산,북구,06시-08시,36,1,42,18,24,0
부산,북구,08시-10시,52,1,77,17,56,4
부산,북구,10시-12시,77,0,100,41,52,7
부산,북구,12시-14시,70,0,85,27,53,5
부산,북구,14시-16시,64,0,82,20,57,5
부산,북구,16시-18시,94,1,124,38,79,7
부산,북구,18시-20시,92,0,107,26,76,5
부산,북구,20시-22시,71,2,99,28,57,14
부산,북구,22시-24시,61,0,97,17,75,5
부산,해운대구,00시-02시,55,0,97,19,68,10
부산,해운대구,02시-04시,33,1,55,19,33,3
부산,해운대구,04시-06시,28,3,41,10,25,6
부산,해운대구,06시-08시,41,2,43,16,26,1
부산,해운대구,08시-10시,94,0,120,24,79,17
부산,해운대구,10시-12시,99,1,138,37,91,10
부산,해운대구,12시-14시,96,1,138,31,98,9
부산,해운대구,14시-16시,123,0,198,44,125,29
부산,해운대구,16시-18시,122,1,170,55,103,12
부산,해운대구,18시-20시,140,1,195,52,133,10
부산,해운대구,20시-22시,105,0,144,38,96,10
부산,해운대구,22시-24시,82,2,113,26,74,13
부산,사하구,00시-02시,53,0,72,21,42,9
부산,사하구,02시-04시,32,0,46,16,22,8
부산,사하구,04시-06시,25,0,31,19,11,1
부산,사하구,06시-08시,82,0,113,28,78,7
부산,사하구,08시-10시,75,0,97,20,65,12
부산,사하구,10시-12시,89,0,126,35,81,10
부산,사하구,12시-14시,97,0,140,49,79,12
부산,사하구,14시-16시,103,0,133,32,94,7
부산,사하구,16시-18시,125,1,176,46,111,19
부산,사하구,18시-20시,137,1,200,58,129,13
부산,사하구,20시-22시,109,1,140,35,90,15
부산,사하구,22시-24시,76,0,104,31,69,4
부산,금정구,00시-02시,37,1,57,22,31,4
부산,금정구,02시-04시,19,1,29,10,15,4
부산,금정구,04시-06시,27,1,36,9,22,5
부산,금정구,06시-08시,39,1,52,18,29,5
부산,금정구,08시-10시,74,0,102,31,66,5
부산,금정구,10시-12시,74,0,117,37,73,7
부산,금정구,12시-14시,86,0,104,25,69,10
부산,금정구,14시-16시,100,0,132,42,76,14
부산,금정구,16시-18시,109,0,143,39,80,24
부산,금정구,18시-20시,109,1,139,40,90,9
부산,금정구,20시-22시,65,0,87,33,49,5
부산,금정구,22시-24시,53,2,67,21,39,7
부산,강서구,00시-02시,17,1,24,6,17,1
부산,강서구,02시-04시,8,1,15,5,8,2
부산,강서구,04시-06시,14,0,22,8,14,0
부산,강서구,06시-08시,58,1,83,21,60,2
부산,강서구,08시-10시,67,1,96,22,71,3
부산,강서구,10시-12시,54,2,75,23,49,3
부산,강서구,12시-14시,64,2,99,27,69,3
부산,강서구,14시-16시,56,3,100,26,69,5
부산,강서구,16시-18시,87,1,143,43,91,9
부산,강서구,18시-20시,73,0,100,31,66,3
부산,강서구,20시-22시,53,1,74,26,44,4
부산,강서구,22시-24시,33,2,46,13,33,0
부산,연제구,00시-02시,33,0,45,11,32,2
부산,연제구,02시-04시,24,1,30,7,21,2
부산,연제구,04시-06시,19,2,25,11,13,1
부산,연제구,06시-08시,34,2,39,15,24,0
부산,연제구,08시-10시,50,0,70,15,51,4
부산,연제구,10시-12시,52,0,68,19,46,3
부산,연제구,12시-14시,62,0,89,25,61,3
부산,연제구,14시-16시,84,0,116,31,79,6
부산,연제구,16시-18시,73,0,85,27,50,8
부산,연제구,18시-20시,95,0,119,41,73,5
부산,연제구,20시-22시,74,0,96,23,68,5
부산,연제구,22시-24시,57,0,81,19,61,1
부산,수영구,00시-02시,44,0,57,17,32,8
부산,수영구,02시-04시,34,0,54,17,32,5
부산,수영구,04시-06시,15,0,24,7,15,2
부산,수영구,06시-08시,30,2,35,10,24,1
부산,수영구,08시-10시,68,0,89,24,54,11
부산,수영구,10시-12시,62,0,80,20,51,9
부산,수영구,12시-14시,66,0,104,27,67,10
부산,수영구,14시-16시,78,0,111,24,73,14
부산,수영구,16시-18시,85,0,113,33,68,12
부산,수영구,18시-20시,89,0,136,28,95,13
부산,수영구,20시-22시,69,0,93,19,68,6
부산,수영구,22시-24시,70,0,108,29,68,11
부산,사상구,00시-02시,43,0,71,14,47,10
부산,사상구,02시-04시,22,2,32,9,17,6
부산,사상구,04시-06시,32,2,42,17,21,4
부산,사상구,06시-08시,57,0,97,27,58,12
부산,사상구,08시-10시,95,1,134,34,84,16
부산,사상구,10시-12시,98,0,140,41,82,17
부산,사상구,12시-14시,98,3,123,34,67,22
부산,사상구,14시-16시,88,0,118,24,79,15
부산,사상구,16시-18시,122,0,155,34,103,18
부산,사상구,18시-20시,122,1,187,48,99,40
부산,사상구,20시-22시,83,3,130,30,84,16
부산,사상구,22시-24시,54,3,91,23,61,7
부산,기장군,00시-02시,15,1,25,5,18,2
부산,기장군,02시-04시,7,0,14,4,9,1
부산,기장군,04시-06시,9,0,15,5,10,0
부산,기장군,06시-08시,24,0,38,7,30,1
부산,기장군,08시-10시,48,2,69,19,46,4
부산,기장군,10시-12시,46,1,70,21,48,1
부산,기장군,12시-14시,46,1,70,13,52,5
부산,기장군,14시-16시,43,1,72,9,59,4
부산,기장군,16시-18시,57,0,90,31,54,5
부산,기장군,18시-20시,64,0,94,29,58,7
부산,기장군,20시-22시,47,1,71,10,58,3
부산,기장군,22시-24시,27,1,42,13,28,1
경기,수원시,00시-02시,286,4,446,104,321,21
경기,수원시,02시-04시,164,4,233,55,167,11
경기,수원시,04시-06시,180,4,251,57,161,33
경기,수원시,06시-08시,269,4,393,94,277,22
경기,수원시,08시-10시,505,1,702,126,530,46
경기,수원시,10시-12시,401,3,562,119,409,34
경기,수원시,12시-14시,435,2,626,116,443,67
경기,수원시,14시-16시,500,4,744,140,524,80
경기,수원시,16시-18시,578,2,825,149,580,96
경기,수원시,18시-20시,679,2,953,188,675,90
경기,수원시,20시-22시,525,8,697,146,497,54
경기,수원시,22시-24시,475,1,716,139,540,37
경기,성남시,00시-02시,233,4,375,100,256,19
경기,성남시,02시-04시,135,4,199,51,131,17
경기,성남시,04시-06시,142,5,207,73,114,20
경기,성남시,06시-08시,203,0,275,73,188,14
경기,성남시,08시-10시,387,1,588,146,402,40
경기,성남시,10시-12시,349,5,576,121,403,52
경기,성남시,12시-14시,319,5,465,88,341,36
경기,성남시,14시-16시,387,0,531,111,376,44
경기,성남시,16시-18시,427,3,610,131,415,64
경기,성남시,18시-20시,506,2,701,166,478,57
경기,성남시,20시-22시,377,4,539,108,386,45
경기,성남시,22시-24시,369,4,569,123,391,55
경기,의정부시,00시-02시,92,2,137,29,93,15
경기,의정부시,02시-04시,33,0,51,5,45,1
경기,의정부시,04시-06시,62,3,90,21,59,10
경기,의정부시,06시-08시,90,1,117,35,72,10
경기,의정부시,08시-10시,147,1,215,38,160,17
경기,의정부시,10시-12시,153,2,215,41,135,39
경기,의정부시,12시-14시,178,1,260,49,172,39
경기,의정부시,14시-16시,177,2,256,62,164,30
경기,의정부시,16시-18시,187,0,264,47,168,49
경기,의정부시,18시-20시,270,2,385,76,249,60
경기,의정부시,20시-22시,166,4,239,40,162,37
경기,의정부시,22시-24시,127,1,172,42,103,27
경기,안양시,00시-02시,97,1,172,43,119,10
경기,안양시,02시-04시,50,0,80,22,54,4
경기,안양시,04시-06시,53,0,76,15,59,2
경기,안양시,06시-08시,68,2,92,38,51,3
경기,안양시,08시-10시,172,1,227,37,182,8
경기,안양시,10시-12시,146,1,236,46,178,12
경기,안양시,12시-14시,142,1,193,39,145,9
경기,안양시,14시-16시,163,2,227,50,162,15
경기,안양시,16시-18시,203,3,284,51,217,16
경기,안양시,18시-20시,227,3,331,75,243,13
경기,안양시,20시-22시,157,0,236,47,179,10
경기,안양시,22시-24시,140,0,202,33,159,10
경기,부천시,00시-02시,188,1,277,60,195,22
경기,부천시,02시-04시,107,2,163,37,117,9
경기,부천시,04시-06시,97,2,145,40,97,8
경기,부천시,06시-08시,141,2,196,36,147,13
경기,부천시,08시-10시,337,1,441,73,337,31
경기,부천시,10시-12시,283,2,403,67,308,28
경기,부천시,12시-14시,292,0,420,88,300,32
경기,부천시,14시-16시,322,2,432,66,324,42
경기,부천시,16시-18시,398,1,544,109,386,49
경기,부천시,18시-20시,452,2,611,106,460,45
경기,부천시,20시-22시,356,0,506,89,376,41
경기,부천시,22시-24시,263,7,412,82,310,20
경기,안산시,00시-02시,188,2,288,50,222,16
경기,안산시,02시-04시,87,2,146,35,102,9
경기,안산시,04시-06시,132,4,196,56,131,9
경기,안산시,06시-08시,269,3,427,87,316,24
경기,안산시,08시-10시,363,2,549,108,409,32
경기,안산시,10시-12시,300,3,453,83,352,18
경기,안산시,12시-14시,327,0,492,84,388,20
경기,안산시,14시-16시,380,4,572,101,428,43
경기,안산시,16시-18시,462,4,725,141,534,50
경기,안산시,18시-20시,594,6,840,168,622,50
경기,안산시,20시-22시,448,6,710,134,546,30
경기,안산시,22시-24시,328,6,511,105,377,29
경기,평택시,00시-02시,134,3,210,35,162,13
경기,평택시,02시-04시,81,1,146,27,106,13
경기,평택시,04시-06시,127,5,185,45,125,15
경기,평택시,06시-08시,267,5,412,82,292,38
경기,평택시,08시-10시,343,4,560,99,380,81
경기,평택시,10시-12시,284,5,450,96,305,49
경기,평택시,12시-14시,328,2,594,104,423,67
경기,평택시,14시-16시,328,8,506,84,361,61
경기,평택시,16시-18시,432,5,685,110,499,76
경기,평택시,18시-20시,458,2,740,125,516,99
경기,평택시,20시-22시,364,9,585,104,421,60
경기,평택시,22시-24시,242,2,392,80,277,35
경기,광명시,00시-02시,52,2,80,23,47,10
경기,광명시,02시-04시,29,0,43,10,29,4
경기,광명시,04시-06시,34,1,51,12,31,8
경기,광명시,06시-08시,74,1,103,22,70,11
경기,광명시,08시-10시,100,1,133,29,78,26
경기,광명시,10시-12시,91,0,111,26,66,19
경기,광명시,12시-14시,116,1,169,27,109,33
경기,광명시,14시-16시,114,2,179,33,107,39
경기,광명시,16시-18시,130,1,190,32,114,44
경기,광명시,18시-20시,133,0,188,34,106,48
경기,광명시,20시-22시,125,2,173,33,108,32
경기,광명시,22시-24시,78,1,100,20,61,19
경기,구리시,00시-02시,24,0,37,11,24,2
경기,구리시,02시-04시,22,2,37,7,30,0
경기,구리시,04시-06시,29,0,36,5,29,2
경기,구리시,06시-08시,44,1,56,13,42,1
경기,구리시,08시-10시,72,0,103,15,81,7
경기,구리시,10시-12시,93,0,138,34,100,4
경기,구리시,12시-14시,67,0,101,24,72,5
경기,구리시,14시-16시,62,0,95,17,71,7
경기,구리시,16시-18시,61,3,91,20,64,7
경기,구리시,18시-20시,78,1,100,19,77,4
경기,구리시,20시-22시,68,2,97,19,70,8
경기,구리시,22시-24시,48,2,75,18,54,3
경기,양주시,00시-02시,20,0,31,4,21,6
경기,양주시,02시-04시,16,2,22,10,12,0
경기,양주시,04시-06시,22,2,26,10,15,1
경기,양주시,06시-08시,66,5,90,16,70,4
경기,양주시,08시-10시,143,1,215,42,163,10
경기,양주시,10시-12시,103,2,162,34,120,8
경기,양주시,12시-14시,102,0,158,26,117,15
경기,양주시,14시-16시,114,1,171,33,126,12
경기,양주시,16시-18시,173,0,272,51,203,18
경기,양주시,18시-20시,184,2,258,46,201,11
경기,양주시,20시-22시,94,1,133,23,106,4
경기,양주시,22시-24시,57,3,91,22,68,1
경기,여주시,00시-02시,17,2,32,7,20,5
경기,여주시,02시-04시,12,0,18,7,11,0
경기,여주시,04시-06시,9,1,15,6,9,0
경기,여주시,06시-08시,32,1,44,12,30,2
경기,여주시,08시-10시,54,0,86,20,64,2
경기,여주시,10시-12시,54,0,93,19,71,3
경기,여주시,12시-14시,54,2,89,20,66,3
경기,여주시,14시-16시,60,2,107,18,84,5
경기,여주시,16시-18시,68,0,115,23,85,7
경기,여주시,18시-20시,80,3,115,33,72,10
경기,여주시,20시-22시,43,2,60,16,40,4
경기,여주시,22시-24시,30,1,40,14,25,1
경기,화성시,00시-02시,117,9,177,42,131,4
경기,화성시,02시-04시,62,2,93,18,71,4
경기,화성시,04시-06시,73,2,103,28,70,5
경기,화성시,06시-08시,212,6,338,84,241,13
경기,화성시,08시-10시,301,2,435,104,308,23
경기,화성시,10시-12시,195,4,324,88,215,21
경기,화성시,12시-14시,240,5,407,78,295,34
경기,화성시,14시-16시,278,5,487,90,364,33
경기,화성시,16시-18시,343,5,580,111,412,57
경기,화성시,18시-20시,361,3,555,125,399,31
경기,화성시,20시-22시,315,9,445,108,319,18
경기,화성시,22시-24시,219,7,313,64,228,21
경기,시흥시,00시-02시,119,1,210,42,149,19
경기,시흥시,02시-04시,58,3,80,17,57,6
경기,시흥시,04시-06시,82,1,128,31,75,22
경기,시흥시,06시-08시,177,3,237,64,158,15
경기,시흥시,08시-10시,262,2,383,68,299,16
경기,시흥시,10시-12시,204,0,315,62,234,19
경기,시흥시,12시-14시,231,4,365,64,281,20
경기,시흥시,14시-16시,239,3,350,64,265,21
경기,시흥시,16시-18시,295,3,429,71,332,26
경기,시흥시,18시-20시,334,3,490,81,394,15
경기,시흥시,20시-22시,229,4,345,67,260,18
경기,시흥시,22시-24시,204,2,320,73,227,20
경기,파주시,00시-02시,63,3,98,18,78,2
경기,파주시,02시-04시,39,3,55,16,37,2
경기,파주시,04시-06시,35,2,51,15,32,4
경기,파주시,06시-08시,112,2,175,30,137,8
경기,파주시,08시-10시,197,1,303,67,211,25
경기,파주시,10시-12시,149,2,229,49,168,12
경기,파주시,12시-14시,173,0,257,55,188,14
경기,파주시,14시-16시,189,0,302,60,205,37
경기,파주시,16시-18시,214,2,339,77,239,23
경기,파주시,18시-20시,258,2,400,105,272,23
경기,파주시,20시-22시,161,2,223,63,143,17
경기,파주시,22시-24시,103,3,153,29,119,5
경기,고양시,00시-02시,197,5,312,61,227,24
경기,고양시,02시-04시,106,1,168,47,106,15
경기,고양시,04시-06시,101,3,148,41,100,7
경기,고양시,06시-08시,190,2,305,82,207,16
경기,고양시,08시-10시,388,4,579,119,417,43
경기,고양시,10시-12시,375,3,514,117,359,38
경기,고양시,12시-14시,351,2,515,111,364,40
경기,고양시,14시-16시,408,3,576,106,417,53
경기,고양시,16시-18시,518,7,799,145,584,70
경기,고양시,18시-20시,573,3,850,156,602,92
경기,고양시,20시-22시,411,1,621,112,459,50
경기,고양시,22시-24시,332,4,502,106,350,46
경기,광주시,00시-02시,63,0,108,26,78,4
경기,광주시,02시-04시,30,1,51,7,41,3
경기,광주시,04시-06시,44,2,62,13,48,1
경기,광주시,06시-08시,109,1,149,36,110,3
경기,광주시,08시-10시,214,1,343,54,274,15
경기,광주시,10시-12시,166,1,259,50,185,24
경기,광주시,12시-14시,146,2,219,33,165,21
경기,광주시,14시-16시,171,1,316,65,199,52
경기,광주시,16시-18시,206,2,323,61,244,18
경기,광주시,18시-20시,215,4,319,51,248,20
경기,광주시,20시-22시,194,3,272,47,209,16
경기,광주시,22시-24시,133,1,201,43,143,15
경기,연천군,00시-02시,7,1,9,4,5,0
경기,연천군,02시-04시,1,0,1,0,1,0
경기,연천군,04시-06시,1,0,2,2,0,0
경기,연천군,06시-08시,10,0,32,7,11,14
경기,연천군,08시-10시,32,0,52,9,35,8
경기,연천군,10시-12시,26,1,42,8,33,1
경기,연천군,12시-14시,12,0,18,3,15,0
경기,연천군,14시-16시,26,1,52,13,36,3
경기,연천군,16시-18시,22,2,32,10,21,1
경기,연천군,18시-20시,23,1,36,11,24,1
경기,연천군,20시-22시,14,0,19,4,12,3
경기,연천군,22시-24시,15,0,18,4,13,1
경기,포천시,00시-02시,29,0,57,8,40,9
경기,포천시,02시-04시,17,2,25,9,11,5
경기,포천시,04시-06시,13,0,20,7,11,2
경기,포천시,06시-08시,53,3,79,33,37,9
경기,포천시,08시-10시,92,5,166,33,107,26
경기,포천시,10시-12시,77,1,133,39,86,8
경기,포천시,12시-14시,109,2,172,39,104,29
경기,포천시,14시-16시,107,0,192,27,126,39
경기,포천시,16시-18시,122,1,219,37,135,47
경기,포천시,18시-20시,108,0,191,32,125,34
경기,포천시,20시-22시,67,0,98,20,63,15
경기,포천시,22시-24시,38,2,61,15,39,7
경기,가평군,00시-02시,7,0,10,3,3,4
경기,가평군,02시-04시,9,0,22,6,14,2
경기,가평군,04시-06시,3,0,3,2,1,0
경기,가평군,06시-08시,11,1,18,3,14,1
경기,가평군,08시-10시,44,0,72,7,59,6
경기,가평군,10시-12시,57,4,106,26,72,8
경기,가평군,12시-14시,60,2,122,25,94,3
경기,가평군,14시-16시,57,2,107,16,78,13
경기,가평군,16시-18시,53,0,93,19,56,18
경기,가평군,18시-20시,36,1,63,7,49,7
경기,가평군,20시-22시,22,1,35,5,26,4
경기,가평군,22시-24시,21,0,31,9,15,7
경기,양평군,00시-02시,10,0,17,6,11,0
경기,양평군,02시-04시,2,0,3,1,2,0
경기,양평군,04시-06시,9,1,14,7,5,2
경기,양평군,06시-08시,22,0,36,8,28,0
경기,양평군,08시-10시,69,1,103,24,64,15
경기,양평군,10시-12시,58,1,98,23,71,4
경기,양평군,12시-14시,64,0,104,34,61,9
경기,양평군,14시-16시,85,3,143,23,103,17
경기,양평군,16시-18시,88,6,145,51,83,11
경기,양평군,18시-20시,73,2,91,28,57,6
경기,양평군,20시-22시,31,1,44,14,27,3
경기,양평군,22시-24시,21,0,28,6,20,2
경기,이천시,00시-02시,32,1,50,9,40,1
경기,이천시,02시-04시,20,1,28,6,19,3
경기,이천시,04시-06시,24,2,28,11,13,4
경기,이천시,06시-08시,58,2,98,24,68,6
경기,이천시,08시-10시,113,2,207,41,146,20
경기,이천시,10시-12시,98,0,170,34,125,11
경기,이천시,12시-14시,105,2,171,36,128,7
경기,이천시,14시-16시,122,1,191,36,142,13
경기,이천시,16시-18시,116,1,186,47,125,14
경기,이천시,18시-20시,161,3,242,45,176,21
경기,이천시,20시-22시,91,2,136,41,82,13
경기,이천시,22시-24시,76,2,119,25,89,5
경기,용인시,00시-02시,138,3,211,58,129,24
경기,용인시,02시-04시,65,4,103,28,60,15
경기,용인시,04시-06시,92,3,123,40,67,16
경기,용인시,06시-08시,222,2,358,100,208,50
경기,용인시,08시-10시,381,3,597,118,384,95
경기,용인시,10시-12시,300,1,494,121,323,50
경기,용인시,12시-14시,307,3,559,125,343,91
경기,용인시,14시-16시,332,4,515,101,336,78
경기,용인시,16시-18시,385,4,613,113,414,86
경기,용인시,18시-20시,463,0,764,154,521,89
경기,용인시,20시-22시,294,4,439,102,285,52
경기,용인시,22시-24시,226,6,340,83,212,45
경기,안성시,00시-02시,42,0,64,16,45,3
경기,안성시,02시-04시,19,0,40,11,27,2
경기,안성시,04시-06시,20,2,40,11,26,3
경기,안성시,06시-08시,60,5,90,24,58,8
경기,안성시,08시-10시,131,0,213,46,154,13
경기,안성시,10시-12시,113,2,183,42,127,14
경기,안성시,12시-14시,117,1,225,39,171,15
경기,안성시,14시-16시,110,5,183,45,124,14
경기,안성시,16시-18시,129,1,236,50,171,15
경기,안성시,18시-20시,132,1,205,47,137,21
경기,안성시,20시-22시,92,0,150,37,104,9
경기,안성시,22시-24시,61,2,111,28,74,9
경기,김포시,00시-02시,50,1,79,18,55,6
경기,김포시,02시-04시,24,0,31,7,21,3
경기,김포시,04시-06시,32,1,39,8,29,2
경기,김포시,06시-08시,122,3,168,42,115,11
경기,김포시,08시-10시,220,3,345,62,252,31
경기,김포시,10시-12시,151,4,249,48,177,24
경기,김포시,12시-14시,162,2,267,63,193,11
경기,김포시,14시-16시,210,3,359,79,244,36
경기,김포시,16시-18시,228,0,380,82,270,28
경기,김포시,18시-20시,216,4,329,85,216,28
경기,김포시,20시-22시,166,0,277,46,201,30
경기,김포시,22시-24시,101,3,141,29,105,7
경기,동두천시,00시-02시,18,2,24,5,18,1
경기,동두천시,02시-04시,4,0,6,3,3,0
경기,동두천시,04시-06시,7,0,9,3,4,2
경기,동두천시,06시-08시,20,1,31,8,23,0
경기,동두천시,08시-10시,48,1,73,31,40,2
경기,동두천시,10시-12시,55,2,75,16,59,0
경기,동두천시,12시-14시,43,1,59,20,37,2
경기,동두천시,14시-16시,30,0,38,14,21,3
경기,동두천시,16시-18시,51,0,61,17,40,4
경기,동두천시,18시-20시,65,3,93,17,68,8
경기,동두천시,20시-22시,38,1,61,21,38,2
경기,동두천시,22시-24시,27,0,46,11,31,4
경기,과천시,00시-02시,9,0,11,1,9,1
경기,과천시,02시-04시,5,0,6,3,3,0
경기,과천시,04시-06시,13,1,16,4,8,4
경기,과천시,06시-08시,15,0,20,1,16,3
경기,과천시,08시-10시,38,0,54,17,30,7
경기,과천시,10시-12시,22,0,59,10,43,6
경기,과천시,12시-14시,20,0,32,7,16,9
경기,과천시,14시-16시,28,0,51,8,31,12
경기,과천시,16시-18시,26,0,33,11,15,7
경기,과천시,18시-20시,31,0,51,12,35,4
경기,과천시,20시-22시,17,0,25,4,19,2
경기,과천시,22시-24시,15,0,27,6,18,3
경기,군포시,00시-02시,30,0,50,7,37,6
경기,군포시,02시-04시,17,2,30,3,22,5
경기,군포시,04시-06시,24,1,28,10,15,3
경기,군포시,06시-08시,32,0,40,10,19,11
경기,군포시,08시-10시,69,0,102,28,62,12
경기,군포시,10시-12시,53,0,78,22,47,9
경기,군포시,12시-14시,51,1,88,17,60,11
경기,군포시,14시-16시,67,0,90,22,56,12
경기,군포시,16시-18시,74,0,106,22,74,10
경기,군포시,18시-20시,86,1,117,32,64,21
경기,군포시,20시-22시,75,2,103,34,59,10
경기,군포시,22시-24시,81,0,122,31,76,15
경기,남양주시,00시-02시,103,2,162,33,112,17
경기,남양주시,02시-04시,51,0,76,13,57,6
경기,남양주시,04시-06시,55,2,79,17,51,11
경기,남양주시,06시-08시,123,9,193,30,153,10
경기,남양주시,08시-10시,278,3,465,89,336,40
경기,남양주시,10시-12시,266,6,418,82,309,27
경기,남양주시,12시-14시,232,3,382,68,280,34
경기,남양주시,14시-16시,267,1,453,69,354,30
경기,남양주시,16시-18시,328,6,538,92,373,73
경기,남양주시,18시-20시,324,5,501,88,365,48
경기,남양주시,20시-22시,229,1,348,64,256,28
경기,남양주시,22시-24시,175,3,288,62,197,29
경기,오산시,00시-02시,56,2,88,19,66,3
경기,오산시,02시-04시,37,0,54,18,27,9
경기,오산시,04시-06시,22,0,34,10,22,2
경기,오산시,06시-08시,70,3,103,27,67,9
경기,오산시,08시-10시,94,0,140,33,102,5
경기,오산시,10시-12시,86,1,136,24,104,8
경기,오산시,12시-14시,88,1,139,34,88,17
경기,오산시,14시-16시,83,0,131,34,82,15
경기,오산시,16시-18시,110,0,157,41,93,23
경기,오산시,18시-20시,135,1,178,57,101,20
경기,오산시,20시-22시,101,0,140,35,94,11
경기,오산시,22시-24시,80,2,109,23,77,9
경기,의왕시,00시-02시,31,0,52,17,32,3
경기,의왕시,02시-04시,10,0,18,7,9,2
경기,의왕시,04시-06시,15,0,22,5,17,0
경기,의왕시,06시-08시,25,0,73,13,49,11
경기,의왕시,08시-10시,49,1,66,12,46,8
경기,의왕시,10시-12시,38,0,68,16,46,6
경기,의왕시,12시-14시,40,0,53,9,42,2
경기,의왕시,14시-16시,38,1,73,7,61,5
경기,의왕시,16시-18시,60,0,103,28,69,6
경기,의왕시,18시-20시,60,1,96,26,65,5
경기,의왕시,20시-22시,48,1,66,19,45,2
경기,의왕시,22시-24시,30,1,36,11,23,2
경기,하남시,00시-02시,32,1,49,10,31,8
경기,하남시,02시-04시,18,0,25,10,12,3
경기,하남시,04시-06시,16,1,26,4,17,5
경기,하남시,06시-08시,70,2,108,38,61,9
경기,하남시,08시-10시,101,1,124,27,84,13
경기,하남시,10시-12시,112,0,167,24,136,7
경기,하남시,12시-14시,96,2,155,30,106,19
경기,하남시,14시-16시,110,1,177,31,120,26
경기,하남시,16시-18시,134,0,208,32,154,22
경기,하남시,18시-20시,137,1,197,39,134,24
경기,하남시,20시-22시,79,0,105,22,70,13
경기,하남시,22시-24시,72,0,102,19,72,11
강원,춘천시,00시-02시,56,0,86,12,67,7
강원,춘천시,02시-04시,28,0,38,8,29,1
강원,춘천시,04시-06시,20,1,27,8,19,0
강원,춘천시,06시-08시,72,1,109,18,88,3
강원,춘천시,08시-10시,181,0,283,55,218,10
강원,춘천시,10시-12시,156,2,272,41,212,19
강원,춘천시,12시-14시,203,3,326,44,270,12
강원,춘천시,14시-16시,184,4,286,38,236,12
강원,춘천시,16시-18시,208,2,317,46,243,28
강원,춘천시,18시-20시,217,1,333,62,251,20
강원,춘천시,20시-22시,142,1,213,30,180,3
강원,춘천시,22시-24시,91,3,130,28,97,5
강원,원주시,00시-02시,83,2,135,27,100,8
강원,원주시,02시-04시,43,2,59,15,42,2
강원,원주시,04시-06시,40,3,57,18,32,7
강원,원주시,06시-08시,92,1,163,47,112,4
강원,원주시,08시-10시,233,0,377,59,296,22
강원,원주시,10시-12시,179,0,268,51,203,14
강원,원주시,12시-14시,180,0,294,58,215,21
강원,원주시,14시-16시,182,2,303,59,225,19
강원,원주시,16시-18시,273,4,425,94,306,25
강원,원주시,18시-20시,290,2,470,84,367,19
강원,원주시,20시-22시,157,4,239,60,168,11
강원,원주시,22시-24시,153,0,252,48,193,11
강원,동해시,00시-02시,5,1,10,0,10,0
강원,동해시,02시-04시,4,1,7,1,6,0
강원,동해시,04시-06시,6,0,8,2,6,0
강원,동해시,06시-08시,18,0,20,3,17,0
강원,동해시,08시-10시,44,0,83,8,75,0
강원,동해시,10시-12시,41,2,57,13,41,3
강원,동해시,12시-14시,42,1,49,12,37,0
강원,동해시,14시-16시,41,0,62,18,44,0
강원,동해시,16시-18시,60,0,81,13,67,1
강원,동해시,18시-20시,41,0,53,9,43,1
강원,동해시,20시-22시,34,0,56,13,42,1
강원,동해시,22시-24시,20,0,35,4,31,0
강원,강릉시,00시-02시,35,1,53,10,43,0
강원,강릉시,02시-04시,13,0,30,3,26,1
강원,강릉시,04시-06시,22,1,37,8,28,1
강원,강릉시,06시-08시,34,2,48,21,25,2
강원,강릉시,08시-10시,101,1,137,21,114,2
강원,강릉시,10시-12시,96,1,147,34,111,2
강원,강릉시,12시-14시,100,3,172,35,134,3
강원,강릉시,14시-16시,116,1,193,37,150,6
강원,강릉시,16시-18시,128,2,184,35,148,1
강원,강릉시,18시-20시,117,4,176,41,134,1
강원,강릉시,20시-22시,78,3,116,26,89,1
강원,강릉시,22시-24시,78,3,117,20,96,1
강원,속초시,00시-02시,15,0,26,6,20,0
강원,속초시,02시-04시,7,0,16,8,8,0
강원,속초시,04시-06시,5,0,6,5,1,0
강원,속초시,06시-08시,16,2,16,5,10,1
강원,속초시,08시-10시,56,0,79,27,51,1
강원,속초시,10시-12시,46,1,79,18,60,1
강원,속초시,12시-14시,52,1,79,31,46,2
강원,속초시,14시-16시,54,0,91,27,62,2
강원,속초시,16시-18시,47,0,69,15,54,0
강원,속초시,18시-20시,55,1,82,26,56,0
강원,속초시,20시-22시,51,0,74,18,54,2
강원,속초시,22시-24시,29,1,43,7,35,1
강원,태백시,00시-02시,4,0,5,0,5,0
강원,태백시,02시-04시,2,0,2,1,1,0
강원,태백시,04시-06시,5,2,8,2,5,1
강원,태백시,06시-08시,7,0,9,1,7,1
강원,태백시,08시-10시,19,0,29,6,18,5
강원,태백시,10시-12시,27,2,45,8,34,3
강원,태백시,12시-14시,41,1,53,14,37,2
강원,태백시,14시-16시,31,2,62,11,47,4
강원,태백시,16시-18시,34,2,50,7,40,3
강원,태백시,18시-20시,15,0,24,6,17,1
강원,태백시,20시-22시,12,0,22,1,21,0
강원,태백시,22시-24시,9,1,13,6,7,0
강원,삼척시,00시-02시,8,0,14,2,11,1
강원,삼척시,02시-04시,1,0,1,1,0,0
강원,삼척시,04시-06시,7,0,8,1,7,0
강원,삼척시,06시-08시,14,1,21,6,15,0
강원,삼척시,08시-10시,39,1,67,12,54,1
강원,삼척시,10시-12시,54,2,78,16,58,4
강원,삼척시,12시-14시,51,2,73,15,58,0
강원,삼척시,14시-16시,56,0,105,32,70,3
강원,삼척시,16시-18시,58,0,98,29,68,1
강원,삼척시,18시-20시,44,0,68,19,49,0
강원,삼척시,20시-22시,22,0,31,14,16,1
강원,삼척시,22시-24시,11,0,16,5,11,0
강원,홍천군,00시-02시,9,1,18,3,12,3
강원,홍천군,02시-04시,5,0,8,1,6,1
강원,홍천군,06시-08시,16,1,24,11,11,2
강원,홍천군,08시-10시,44,0,64,13,47,4
강원,홍천군,10시-12시,42,3,62,29,31,2
강원,홍천군,12시-14시,45,0,94,22,69,3
강원,홍천군,14시-16시,50,3,79,20,57,2
강원,홍천군,16시-18시,53,1,81,25,51,5
강원,홍천군,18시-20시,31,0,41,9,32,0
강원,홍천군,20시-22시,21,3,42,8,33,1
강원,홍천군,22시-24시,15,1,24,4,19,1
강원,횡성군,00시-02시,2,1,1,0,1,0
강원,횡성군,02시-04시,4,0,6,2,4,0
강원,횡성군,04시-06시,3,0,3,2,1,0
강원,횡성군,06시-08시,15,0,25,6,18,1
강원,횡성군,08시-10시,23,2,30,12,14,4
강원,횡성군,10시-12시,28,2,42,11,30,1
강원,횡성군,12시-14시,30,0,64,18,46,0
강원,횡성군,14시-16시,22,3,25,10,15,0
강원,횡성군,16시-18시,20,1,37,13,24,0
강원,횡성군,18시-20시,20,4,30,6,24,0
강원,횡성군,20시-22시,10,0,13,2,9,2
강원,횡성군,22시-24시,10,1,17,5,12,0
강원,영월군,00시-02시,2,0,2,1,0,1
강원,영월군,02시-04시,2,2,0,0,0,0
강원,영월군,04시-06시,4,0,8,0,1,7
강원,영월군,06시-08시,9,0,15,3,7,5
강원,영월군,08시-10시,26,1,49,10,26,13
강원,영월군,10시-12시,30,3,39,18,5,16
강원,영월군,12시-14시,16,1,27,4,12,11
강원,영월군,14시-16시,25,2,43,8,16,19
강원,영월군,16시-18시,26,1,46,8,15,23
강원,영월군,18시-20시,24,0,34,13,9,12
강원,영월군,20시-22시,11,1,14,3,1,10
강원,영월군,22시-24시,12,0,27,6,9,12
강원,평창군,00시-02시,4,0,5,1,3,1
강원,평창군,02시-04시,3,0,5,0,4,1
강원,평창군,04시-06시,2,1,2,0,2,0
강원,평창군,06시-08시,4,0,8,1,7,0
강원,평창군,08시-10시,22,1,58,10,41,7
강원,평창군,10시-12시,30,4,74,20,51,3
강원,평창군,12시-14시,30,0,74,12,58,4
강원,평창군,14시-16시,39,4,74,16,51,7
강원,평창군,16시-18시,36,2,71,19,35,17
강원,평창군,18시-20시,24,3,38,15,21,2
강원,평창군,20시-22시,16,0,26,8,17,1
강원,평창군,22시-24시,8,0,11,6,5,0
강원,정선군,00시-02시,1,0,1,1,0,0
강원,정선군,02시-04시,4,0,9,5,4,0
강원,정선군,04시-06시,4,0,4,1,3,0
강원,정선군,06시-08시,8,0,11,4,7,0
강원,정선군,08시-10시,15,1,44,11,33,0
강원,정선군,10시-12시,14,0,22,11,10,1
강원,정선군,12시-14시,13,1,22,10,12,0
강원,정선군,14시-16시,18,1,31,12,19,0
강원,정선군,16시-18시,20,0,28,8,20,0
강원,정선군,18시-20시,13,2,16,4,12,0
강원,정선군,20시-22시,10,3,20,7,9,4
강원,정선군,22시-24시,5,0,7,3,4,0
강원,철원군,00시-02시,3,0,5,1,4,0
강원,철원군,02시-04시,1,1,1,1,0,0
강원,철원군,04시-06시,3,1,3,3,0,0
강원,철원군,06시-08시,9,1,15,7,8,0
강원,철원군,08시-10시,11,0,12,7,5,0
강원,철원군,10시-12시,21,0,42,17,25,0
강원,철원군,12시-14시,16,0,21,9,12,0
강원,철원군,14시-16시,22,1,38,10,28,0
강원,철원군,16시-18시,16,1,27,14,12,1
강원,철원군,18시-20시,19,0,35,16,19,0
강원,철원군,20시-22시,15,0,24,4,19,1
강원,철원군,22시-24시,9,0,17,8,9,0
강원,화천군,00시-02시,2,1,1,0,1,0
강원,화천군,06시-08시,6,0,10,4,6,0
강원,화천군,08시-10시,15,0,25,9,15,1
강원,화천군,10시-12시,12,1,22,8,14,0
강원,화천군,12시-14시,15,1,24,6,17,1
강원,화천군,14시-16시,19,2,27,9,18,0
강원,화천군,16시-18시,8,4,16,8,8,0
강원,화천군,18시-20시,7,0,11,5,6,0
강원,화천군,20시-22시,2,0,2,2,0,0
강원,화천군,22시-24시,2,0,3,0,2,1
강원,양구군,00시-02시,4,0,6,1,4,1
강원,양구군,06시-08시,4,0,5,1,3,1
강원,양구군,08시-10시,10,1,12,2,9,1
강원,양구군,10시-12시,9,1,17,1,14,2
강원,양구군,12시-14시,10,0,16,2,14,0
강원,양구군,14시-16시,7,0,15,0,15,0
강원,양구군,16시-18시,19,1,34,5,27,2
강원,양구군,18시-20시,13,2,18,7,10,1
강원,양구군,20시-22시,4,0,5,0,4,1
강원,양구군,22시-24시,5,0,9,3,5,1
강원,인제군,00시-02시,2,0,6,1,5,0
강원,인제군,02시-04시,1,0,1,1,0,0
강원,인제군,04시-06시,1,0,1,1,0,0
강원,인제군,06시-08시,5,1,7,3,4,0
강원,인제군,08시-10시,7,1,9,4,5,0
강원,인제군,10시-12시,15,3,25,12,11,2
강원,인제군,12시-14시,12,0,23,13,10,0
강원,인제군,14시-16시,13,1,18,10,8,0
강원,인제군,16시-18시,15,0,33,8,25,0
강원,인제군,18시-20시,14,2,19,5,14,0
강원,인제군,20시-22시,9,0,23,8,15,0
강원,인제군,22시-24시,7,2,13,9,4,0
강원,고성군,00시-02시,1,0,1,1,0,0
강원,고성군,02시-04시,2,0,2,1,1,0
강원,고성군,04시-06시,4,2,2,1,1,0
강원,고성군,06시-08시,7,0,13,4,6,3
강원,고성군,08시-10시,14,2,22,4,18,0
강원,고성군,10시-12시,16,0,32,8,24,0
강원,고성군,12시-14시,15,1,25,11,14,0
강원,고성군,14시-16시,16,0,21,3,18,0
강원,고성군,16시-18시,26,1,35,3,30,2
강원,고성군,18시-20시,17,1,24,0,21,3
강원,고성군,20시-22시,13,2,14,5,8,1
강원,고성군,22시-24시,4,3,6,3,2,1
강원,양양군,00시-02시,5,0,9,4,5,0
강원,양양군,02시-04시,2,0,2,1,1,0
강원,양양군,04시-06시,1,0,1,1,0,0
강원,양양군,06시-08시,6,1,14,2,12,0
강원,양양군,08시-10시,15,2,15,5,10,0
강원,양양군,10시-12시,18,0,46,6,37,3
강원,양양군,12시-14시,20,1,32,9,22,1
강원,양양군,14시-16시,25,2,33,12,21,0
강원,양양군,16시-18시,16,0,29,6,22,1
강원,양양군,18시-20시,28,1,54,13,39,2
강원,양양군,20시-22시,10,1,25,12,12,1
강원,양양군,22시-24시,9,0,19,3,16,0
충북,청주시,00시-02시,227,8,366,78,274,14
충북,청주시,02시-04시,130,5,203,55,141,7
충북,청주시,04시-06시,143,6,243,66,171,6
충북,청주시,06시-08시,322,14,498,110,371,17
충북,청주시,08시-10시,507,4,827,156,645,26
충북,청주시,10시-12시,454,5,716,146,547,23
충북,청주시,12시-14시,469,9,758,150,583,25
충북,청주시,14시-16시,541,6,917,192,699,26
충북,청주시,16시-18시,634,3,1024,187,817,20
충북,청주시,18시-20시,740,6,1148,196,923,29
충북,청주시,20시-22시,517,8,824,149,649,26
충북,청주시,22시-24시,392,12,637,138,478,21
충북,충주시,00시-02시,41,0,67,14,49,4
충북,충주시,02시-04시,36,1,78,30,43,5
충북,충주시,04시-06시,25,1,39,8,27,4
충북,충주시,06시-08시,68,2,115,35,69,11
충북,충주시,08시-10시,133,1,220,63,143,14
충북,충주시,10시-12시,116,2,181,33,140,8
충북,충주시,12시-14시,144,2,243,61,168,14
충북,충주시,14시-16시,182,5,286,59,207,20
충북,충주시,16시-18시,173,3,277,48,219,10
충북,충주시,18시-20시,203,5,334,88,223,23
충북,충주시,20시-22시,140,2,264,67,181,16
충북,충주시,22시-24시,88,3,125,29,84,12
충북,제천시,00시-02시,31,3,42,9,30,3
충북,제천시,02시-04시,20,1,25,3,20,2
충북,제천시,04시-06시,19,0,30,8,20,2
충북,제천시,06시-08시,44,3,66,17,46,3
충북,제천시,08시-10시,92,1,188,39,138,11
충북,제천시,10시-12시,96,2,177,24,142,11
충북,제천시,12시-14시,88,0,182,44,124,14
충북,제천시,14시-16시,112,0,180,31,137,12
충북,제천시,16시-18시,119,2,222,43,168,11
충북,제천시,18시-20시,134,6,218,51,161,6
충북,제천시,20시-22시,102,2,155,30,115,10
충북,제천시,22시-24시,55,1,90,20,67,3
충북,보은군,00시-02시,3,0,6,1,4,1
충북,보은군,02시-04시,1,1,1,0,1,0
충북,보은군,04시-06시,2,0,2,2,0,0
충북,보은군,06시-08시,7,0,7,4,3,0
충북,보은군,08시-10시,14,0,20,8,11,1
충북,보은군,10시-12시,24,0,39,18,21,0
충북,보은군,12시-14시,21,1,34,12,22,0
충북,보은군,14시-16시,20,1,27,7,18,2
충북,보은군,16시-18시,25,0,41,21,20,0
충북,보은군,18시-20시,18,1,28,14,13,1
충북,보은군,20시-22시,8,1,8,5,1,2
충북,보은군,22시-24시,6,1,11,4,7,0
충북,옥천군,00시-02시,3,0,4,3,1,0
충북,옥천군,02시-04시,5,0,7,2,5,0
충북,옥천군,04시-06시,4,0,5,5,0,0
충북,옥천군,06시-08시,16,2,24,8,16,0
충북,옥천군,08시-10시,36,0,56,17,37,2
충북,옥천군,10시-12시,25,0,42,24,17,1
충북,옥천군,12시-14시,23,4,28,8,20,0
충북,옥천군,14시-16시,28,0,52,14,38,0
충북,옥천군,16시-18시,34,0,53,13,39,1
충북,옥천군,18시-20시,27,2,38,18,20,0
충북,옥천군,20시-22시,19,1,24,9,15,0
충북,옥천군,22시-24시,8,2,7,0,7,0
충북,영동군,00시-02시,2,0,3,2,1,0
충북,영동군,04시-06시,4,1,3,3,0,0
충북,영동군,06시-08시,6,0,7,7,0,0
충북,영동군,08시-10시,18,1,21,12,8,1
충북,영동군,10시-12시,31,1,46,19,25,2
충북,영동군,12시-14시,27,0,43,21,19,3
충북,영동군,14시-16시,22,3,28,13,15,0
충북,영동군,16시-18시,23,1,33,20,13,0
충북,영동군,18시-20시,11,0,14,11,3,0
충북,영동군,20시-22시,16,3,16,8,8,0
충북,영동군,22시-24시,5,0,7,1,5,1
충북,진천군,00시-02시,13,1,20,8,12,0
충북,진천군,02시-04시,9,1,11,3,7,1
충북,진천군,04시-06시,10,0,14,6,8,0
충북,진천군,06시-08시,34,2,52,18,32,2
충북,진천군,08시-10시,63,1,86,17,66,3
충북,진천군,10시-12시,63,4,104,22,74,8
충북,진천군,12시-14시,59,2,82,17,65,0
충북,진천군,14시-16시,51,2,99,23,70,6
충북,진천군,16시-18시,78,1,141,31,105,5
충북,진천군,18시-20시,81,1,133,36,95,2
충북,진천군,20시-22시,54,2,88,26,60,2
충북,진천군,22시-24시,36,3,52,11,40,1
충북,괴산군,00시-02시,3,1,4,3,0,1
충북,괴산군,02시-04시,7,2,7,2,4,1
충북,괴산군,04시-06시,3,1,4,1,3,0
충북,괴산군,06시-08시,9,0,15,9,6,0
충북,괴산군,08시-10시,21,0,33,11,21,1
충북,괴산군,10시-12시,44,3,80,24,52,4
충북,괴산군,12시-14시,31,3,63,19,43,1
충북,괴산군,14시-16시,34,0,68,30,37,1
충북,괴산군,16시-18시,39,2,70,21,47,2
충북,괴산군,18시-20시,27,2,48,16,29,3
충북,괴산군,20시-22시,13,0,24,5,19,0
충북,괴산군,22시-24시,8,0,10,4,4,2
충북,음성군,00시-02시,26,3,39,9,30,0
충북,음성군,02시-04시,12,1,16,6,10,0
충북,음성군,04시-06시,12,2,21,11,10,0
충북,음성군,06시-08시,42,2,63,21,42,0
충북,음성군,08시-10시,74,0,134,33,100,1
충북,음성군,10시-12시,61,1,111,35,72,4
충북,음성군,12시-14시,82,2,156,40,115,1
충북,음성군,14시-16시,77,2,126,43,82,1
충북,음성군,16시-18시,80,3,141,36,100,5
충북,음성군,18시-20시,89,3,154,52,97,5
충북,음성군,20시-22시,65,1,135,34,97,4
충북,음성군,22시-24시,32,0,52,15,37,0
충북,단양군,00시-02시,1,0,2,1,1,0
충북,단양군,02시-04시,1,1,0,0,0,0
충북,단양군,04시-06시,1,0,1,1,0,0
충북,단양군,06시-08시,3,0,3,0,3,0
충북,단양군,08시-10시,9,1,12,3,9,0
충북,단양군,10시-12시,24,1,41,14,25,2
충북,단양군,12시-14시,22,0,38,11,25,2
충북,단양군,14시-16시,25,3,50,9,40,1
충북,단양군,16시-18시,19,0,30,11,19,0
충북,단양군,18시-20시,16,1,22,7,14,1
충북,단양군,20시-22시,6,1,8,5,3,0
충북,단양군,22시-24시,8,0,16,6,10,0
충북,증평군,00시-02시,9,0,14,6,8,0
충북,증평군,02시-04시,2,0,2,0,2,0
충북,증평군,04시-06시,3,0,5,3,2,0
충북,증평군,06시-08시,12,0,14,4,10,0
충북,증평군,08시-10시,14,0,28,8,20,0
충북,증평군,10시-12시,20,0,27,12,13,2
충북,증평군,12시-14시,15,0,20,7,12,1
충북,증평군,14시-16시,20,0,34,13,21,0
충북,증평군,16시-18시,18,0,28,4,21,3
충북,증평군,18시-20시,15,0,28,3,25,0
충북,증평군,20시-22시,25,1,41,23,17,1
충북,증평군,22시-24시,9,0,17,6,11,0
충남,천안시,00시-02시,198,3,324,61,255,8
충남,천안시,02시-04시,102,4,156,22,129,5
충남,천안시,04시-06시,85,4,121,26,91,4
충남,천안시,06시-08시,192,7,252,63,179,10
충남,천안시,08시-10시,298,4,411,99,294,18
충남,천안시,10시-12시,203,2,374,67,291,16
충남,천안시,12시-14시,249,5,357,70,268,19
충남,천안시,14시-16시,263,4,408,90,306,12
충남,천안시,16시-18시,322,6,467,92,357,18
충남,천안시,18시-20시,403,8,583,124,434,25
충남,천안시,20시-22시,326,3,500,102,373,25
충남,천안시,22시-24시,273,4,393,84,301,8
충남,아산시,00시-02시,33,0,55,22,33,0
충남,아산시,02시-04시,26,4,40,14,25,1
충남,아산시,04시-06시,20,4,20,5,14,1
충남,아산시,06시-08시,54,2,62,22,35,5
충남,아산시,08시-10시,60,7,86,33,52,1
충남,아산시,10시-12시,52,1,68,22,41,5
충남,아산시,12시-14시,63,5,92,30,58,4
충남,아산시,14시-16시,86,3,124,32,86,6
충남,아산시,16시-18시,102,1,134,48,79,7
충남,아산시,18시-20시,97,3,128,42,79,7
충남,아산시,20시-22시,97,6,130,38,90,2
충남,아산시,22시-24시,72,2,107,19,82,6
충남,보령시,00시-02시,18,1,25,11,13,1
충남,보령시,02시-04시,7,1,16,7,9,0
충남,보령시,04시-06시,11,4,15,3,12,0
충남,보령시,06시-08시,16,0,26,12,14,0
충남,보령시,08시-10시,48,2,58,30,28,0
충남,보령시,10시-12시,32,3,42,20,21,1
충남,보령시,12시-14시,34,0,64,27,37,0
충남,보령시,14시-16시,31,2,49,28,21,0
충남,보령시,16시-18시,44,1,58,31,27,0
충남,보령시,18시-20시,46,2,62,19,42,1
충남,보령시,20시-22시,38,1,48,26,22,0
충남,보령시,22시-24시,22,1,31,15,16,0
충남,공주시,00시-02시,19,1,37,11,26,0
충남,공주시,02시-04시,9,1,9,4,5,0
충남,공주시,04시-06시,17,2,23,5,16,2
충남,공주시,06시-08시,30,0,72,28,43,1
충남,공주시,08시-10시,70,2,115,36,74,5
충남,공주시,10시-12시,71,4,113,35,72,6
충남,공주시,12시-14시,70,3,117,46,68,3
충남,공주시,14시-16시,85,1,164,37,114,13
충남,공주시,16시-18시,95,2,165,40,115,10
충남,공주시,18시-20시,94,8,177,43,115,19
충남,공주시,20시-22시,35,0,51,14,30,7
충남,공주시,22시-24시,35,0,49,12,33,4
충남,서산시,00시-02시,29,1,41,20,21,0
충남,서산시,02시-04시,21,2,24,11,12,1
충남,서산시,04시-06시,20,1,25,11,14,0
충남,서산시,06시-08시,52,3,80,36,40,4
충남,서산시,08시-10시,72,1,139,49,86,4
충남,서산시,10시-12시,59,0,98,44,48,6
충남,서산시,12시-14시,75,3,136,43,76,17
충남,서산시,14시-16시,93,5,149,54,91,4
충남,서산시,16시-18시,102,4,149,55,82,12
충남,서산시,18시-20시,115,5,165,73,81,11
충남,서산시,20시-22시,104,1,161,65,92,4
충남,서산시,22시-24시,55,4,82,26,47,9
충남,금산군,00시-02시,3,1,2,0,2,0
충남,금산군,02시-04시,4,0,4,2,2,0
충남,금산군,04시-06시,5,0,5,0,5,0
충남,금산군,06시-08시,13,2,18,9,9,0
충남,금산군,08시-10시,17,2,24,5,19,0
충남,금산군,10시-12시,20,0,32,7,25,0
충남,금산군,12시-14시,14,1,30,6,24,0
충남,금산군,14시-16시,17,1,26,10,16,0
충남,금산군,16시-18시,26,2,35,17,18,0
충남,금산군,18시-20시,28,2,49,14,35,0
충남,금산군,20시-22시,13,0,23,5,18,0
충남,금산군,22시-24시,4,0,4,1,3,0
충남,태안군,00시-02시,15,2,24,9,14,1
충남,태안군,02시-04시,9,0,11,8,0,3
충남,태안군,04시-06시,5,0,7,3,3,1
충남,태안군,06시-08시,17,1,24,14,10,0
충남,태안군,08시-10시,30,1,44,23,14,7
충남,태안군,10시-12시,51,1,72,30,36,6
충남,태안군,12시-14시,37,0,61,15,41,5
충남,태안군,14시-16시,39,1,83,23,56,4
충남,태안군,16시-18시,42,5,58,26,29,3
충남,태안군,18시-20시,45,3,62,24,32,6
충남,태안군,20시-22시,20,0,43,13,27,3
충남,태안군,22시-24시,12,0,13,6,5,2
충남,논산시,00시-02시,15,1,23,12,11,0
충남,논산시,02시-04시,11,0,13,5,8,0
충남,논산시,04시-06시,5,0,6,2,4,0
충남,논산시,06시-08시,35,4,51,19,30,2
충남,논산시,08시-10시,43,1,57,27,29,1
충남,논산시,10시-12시,48,2,76,32,43,1
충남,논산시,12시-14시,47,4,84,37,45,2
충남,논산시,14시-16시,61,4,88,36,49,3
충남,논산시,16시-18시,77,4,127,54,67,6
충남,논산시,18시-20시,52,3,93,30,62,1
충남,논산시,20시-22시,50,2,70,31,39,0
충남,논산시,22시-24시,19,0,23,12,10,1
충남,부여군,00시-02시,5,1,4,1,3,0
충남,부여군,02시-04시,2,2,2,2,0,0
충남,부여군,04시-06시,3,0,3,0,3,0
충남,부여군,06시-08시,12,4,8,5,3,0
충남,부여군,08시-10시,31,1,48,20,28,0
충남,부여군,10시-12시,26,1,31,18,13,0
충남,부여군,12시-14시,31,3,40,17,23,0
충남,부여군,14시-16시,27,1,28,17,9,2
충남,부여군,16시-18시,26,0,35,13,22,0
충남,부여군,18시-20시,39,5,56,22,33,1
충남,부여군,20시-22시,14,0,22,9,13,0
충남,부여군,22시-24시,6,2,6,5,1,0
충남,서천군,00시-02시,6,0,10,2,8,0
충남,서천군,02시-04시,5,0,5,3,1,1
충남,서천군,04시-06시,5,1,4,3,0,1
충남,서천군,06시-08시,28,0,43,20,22,1
충남,서천군,08시-10시,51,0,73,23,45,5
충남,서천군,10시-12시,39,2,59,22,34,3
충남,서천군,12시-14시,50,0,88,20,65,3
충남,서천군,14시-16시,41,2,75,24,50,1
충남,서천군,16시-18시,39,1,62,20,39,3
충남,서천군,18시-20시,28,3,45,16,28,1
충남,서천군,20시-22시,22,1,32,8,22,2
충남,서천군,22시-24시,12,1,19,11,8,0
충남,청양군,00시-02시,6,0,6,0,6,0
충남,청양군,02시-04시,2,0,2,1,1,0
충남,청양군,04시-06시,7,2,7,4,3,0
충남,청양군,06시-08시,8,1,9,6,3,0
충남,청양군,08시-10시,23,0,28,13,15,0
충남,청양군,10시-12시,20,0,35,8,27,0
충남,청양군,12시-14시,24,2,38,22,16,0
충남,청양군,14시-16시,18,0,31,10,21,0
충남,청양군,16시-18시,32,3,40,23,17,0
충남,청양군,18시-20시,20,4,18,9,9,0
충남,청양군,20시-22시,8,1,8,5,3,0
충남,청양군,22시-24시,7,0,11,3,8,0
충남,홍성군,00시-02시,11,4,21,7,14,0
충남,홍성군,02시-04시,6,0,8,4,4,0
충남,홍성군,04시-06시,10,1,12,7,5,0
충남,홍성군,06시-08시,18,4,18,9,9,0
충남,홍성군,08시-10시,34,1,47,17,29,1
충남,홍성군,10시-12시,33,3,42,17,24,1
충남,홍성군,12시-14시,26,2,46,14,32,0
충남,홍성군,14시-16시,30,2,43,14,29,0
충남,홍성군,16시-18시,48,2,73,13,59,1
충남,홍성군,18시-20시,54,7,88,25,63,0
충남,홍성군,20시-22시,30,1,34,7,27,0
충남,홍성군,22시-24시,22,2,35,10,25,0
충남,예산군,00시-02시,8,0,10,5,5,0
충남,예산군,02시-04시,2,0,2,1,1,0
충남,예산군,04시-06시,10,4,16,7,9,0
충남,예산군,06시-08시,30,5,50,18,32,0
충남,예산군,08시-10시,56,1,70,23,47,0
충남,예산군,10시-12시,57,3,88,28,60,0
충남,예산군,12시-14시,64,3,103,24,76,3
충남,예산군,14시-16시,48,1,83,36,47,0
충남,예산군,16시-18시,51,1,66,27,39,0
충남,예산군,18시-20시,56,2,81,31,49,1
충남,예산군,20시-22시,34,2,54,19,34,1
충남,예산군,22시-24시,23,2,32,9,22,1
충남,당진시,00시-02시,37,3,64,25,39,0
충남,당진시,02시-04시,22,0,30,15,15,0
충남,당진시,04시-06시,18,3,27,15,11,1
충남,당진시,06시-08시,51,4,78,31,46,1
충남,당진시,08시-10시,95,0,155,58,95,2
충남,당진시,10시-12시,70,4,99,45,51,3
충남,당진시,12시-14시,78,3,127,48,76,3
충남,당진시,14시-16시,92,6,137,58,74,5
충남,당진시,16시-18시,117,4,179,68,106,5
충남,당진시,18시-20시,123,5,183,75,99,9
충남,당진시,20시-22시,95,7,144,38,102,4
충남,당진시,22시-24시,55,2,96,30,63,3
충남,계룡시,00시-02시,3,0,3,1,2,0
충남,계룡시,02시-04시,2,0,6,2,4,0
충남,계룡시,04시-06시,3,0,3,2,1,0
충남,계룡시,06시-08시,3,0,3,0,3,0
충남,계룡시,08시-10시,7,0,11,1,10,0
충남,계룡시,10시-12시,2,0,6,0,6,0
충남,계룡시,12시-14시,6,0,14,2,12,0
충남,계룡시,14시-16시,9,0,13,3,10,0
충남,계룡시,16시-18시,10,1,14,3,11,0
충남,계룡시,18시-20시,12,1,17,4,12,1
충남,계룡시,20시-22시,9,0,18,5,13,0
충남,계룡시,22시-24시,5,0,11,0,11,0
전북,전주시,00시-02시,150,5,230,39,191,0
전북,전주시,02시-04시,68,0,116,15,98,3
전북,전주시,04시-06시,78,4,113,24,89,0
전북,전주시,06시-08시,124,4,196,43,153,0
전북,전주시,08시-10시,201,1,284,63,219,2
전북,전주시,10시-12시,197,2,301,71,227,3
전북,전주시,12시-14시,203,4,321,59,258,4
전북,전주시,14시-16시,232,2,343,83,255,5
전북,전주시,16시-18시,265,5,406,67,334,5
전북,전주시,18시-20시,286,1,401,73,319,9
전북,전주시,20시-22시,235,4,400,73,321,6
전북,전주시,22시-24시,220,4,337,51,281,5
전북,군산시,00시-02시,35,2,56,8,48,0
전북,군산시,02시-04시,21,2,27,3,24,0
전북,군산시,04시-06시,31,4,39,13,26,0
전북,군산시,06시-08시,73,5,91,27,63,1
전북,군산시,08시-10시,120,1,172,42,127,3
전북,군산시,10시-12시,97,1,135,27,107,1
전북,군산시,12시-14시,99,3,137,38,99,0
전북,군산시,14시-16시,125,1,214,36,174,4
전북,군산시,16시-18시,137,2,191,40,146,5
전북,군산시,18시-20시,146,6,204,32,166,6
전북,군산시,20시-22시,105,3,147,28,119,0
전북,군산시,22시-24시,77,6,108,17,91,0
전북,정읍시,00시-02시,18,3,33,8,25,0
전북,정읍시,02시-04시,15,1,20,7,13,0
전북,정읍시,04시-06시,16,1,29,7,21,1
전북,정읍시,06시-08시,40,2,50,13,36,1
전북,정읍시,08시-10시,72,2,116,18,96,2
전북,정읍시,10시-12시,74,2,114,23,87,4
전북,정읍시,12시-14시,84,1,127,29,97,1
전북,정읍시,14시-16시,84,2,131,37,94,0
전북,정읍시,16시-18시,74,0,129,28,99,2
전북,정읍시,18시-20시,101,2,146,43,101,2
전북,정읍시,20시-22시,55,1,85,17,68,0
전북,정읍시,22시-24시,38,0,63,17,44,2
전북,남원시,00시-02시,2,0,6,0,6,0
전북,남원시,02시-04시,4,0,4,2,2,0
전북,남원시,04시-06시,6,1,6,3,3,0
전북,남원시,06시-08시,18,3,23,13,10,0
전북,남원시,08시-10시,36,0,47,17,30,0
전북,남원시,10시-12시,45,5,55,20,35,0
전북,남원시,12시-14시,48,3,65,24,41,0
전북,남원시,14시-16시,38,3,50,13,37,0
전북,남원시,16시-18시,36,6,49,24,25,0
전북,남원시,18시-20시,49,3,68,21,47,0
전북,남원시,20시-22시,19,2,28,5,23,0
전북,남원시,22시-24시,12,1,24,12,12,0
전북,김제시,00시-02시,5,0,9,7,2,0
전북,김제시,02시-04시,5,1,7,2,5,0
전북,김제시,04시-06시,7,1,10,1,9,0
전북,김제시,06시-08시,32,2,42,8,34,0
전북,김제시,08시-10시,56,4,85,33,52,0
전북,김제시,10시-12시,55,1,81,27,53,1
전북,김제시,12시-14시,58,3,102,25,77,0
전북,김제시,14시-16시,47,3,65,23,42,0
전북,김제시,16시-18시,64,3,115,29,86,0
전북,김제시,18시-20시,63,3,89,32,57,0
전북,김제시,20시-22시,39,3,57,14,43,0
전북,김제시,22시-24시,17,0,29,5,24,0
전북,완주군,00시-02시,7,1,8,1,7,0
전북,완주군,02시-04시,3,0,3,3,0,0
전북,완주군,04시-06시,7,3,11,8,3,0
전북,완주군,06시-08시,15,2,20,5,15,0
전북,완주군,08시-10시,21,0,37,8,28,1
전북,완주군,10시-12시,22,1,29,13,16,0
전북,완주군,12시-14시,23,4,42,16,26,0
전북,완주군,14시-16시,31,2,55,25,28,2
전북,완주군,16시-18시,45,2,81,24,53,4
전북,완주군,18시-20시,41,2,57,20,36,1
전북,완주군,20시-22시,29,0,46,12,33,1
전북,완주군,22시-24시,24,1,35,15,20,0
전북,진안군,06시-08시,6,3,10,5,5,0
전북,진안군,08시-10시,12,0,22,9,13,0
전북,진안군,10시-12시,8,1,9,4,5,0
전북,진안군,12시-14시,2,1,5,3,2,0
전북,진안군,14시-16시,3,0,5,1,4,0
전북,진안군,16시-18시,12,0,15,6,9,0
전북,진안군,18시-20시,5,0,7,3,4,0
전북,진안군,20시-22시,2,0,2,1,1,0
전북,무주군,00시-02시,3,0,3,1,2,0
전북,무주군,04시-06시,1,0,1,1,0,0
전북,무주군,06시-08시,8,1,21,7,14,0
전북,무주군,08시-10시,22,4,30,10,20,0
전북,무주군,10시-12시,12,0,20,5,15,0
전북,무주군,12시-14시,23,4,36,11,25,0
전북,무주군,14시-16시,9,0,19,11,8,0
전북,무주군,16시-18시,23,1,33,11,22,0
전북,무주군,18시-20시,12,0,15,7,8,0
전북,무주군,20시-22시,11,1,21,4,17,0
전북,무주군,22시-24시,4,1,4,1,3,0
전북,장수군,04시-06시,4,0,10,6,4,0
전북,장수군,06시-08시,5,0,11,6,5,0
전북,장수군,08시-10시,4,0,4,2,2,0
전북,장수군,10시-12시,8,0,17,6,11,0
전북,장수군,12시-14시,5,0,21,6,15,0
전북,장수군,14시-16시,12,1,41,10,31,0
전북,장수군,16시-18시,7,1,9,4,5,0
전북,장수군,18시-20시,6,0,6,3,3,0
전북,장수군,20시-22시,4,0,6,2,4,0
전북,장수군,22시-24시,1,0,3,0,3,0
전북,임실군,04시-06시,2,1,1,0,1,0
전북,임실군,06시-08시,5,0,7,3,4,0
전북,임실군,08시-10시,16,1,41,7,34,0
전북,임실군,10시-12시,18,0,25,3,22,0
전북,임실군,12시-14시,19,0,37,7,30,0
전북,임실군,14시-16시,9,0,19,6,13,0
전북,임실군,16시-18시,9,0,13,4,9,0
전북,임실군,18시-20시,8,0,12,6,6,0
전북,임실군,20시-22시,6,1,7,3,4,0
전북,임실군,22시-24시,1,0,1,1,0,0
전북,순창군,00시-02시,1,0,1,1,0,0
전북,순창군,02시-04시,1,0,1,1,0,0
전북,순창군,04시-06시,1,1,0,0,0,0
전북,순창군,06시-08시,8,1,9,3,5,1
전북,순창군,08시-10시,18,0,19,7,12,0
전북,순창군,10시-12시,9,0,18,4,14,0
전북,순창군,12시-14시,14,0,22,5,16,1
전북,순창군,14시-16시,25,0,43,9,33,1
전북,순창군,16시-18시,18,2,18,7,10,1
전북,순창군,18시-20시,9,2,12,6,5,1
전북,순창군,20시-22시,10,0,18,3,14,1
전북,순창군,22시-24시,6,0,8,3,5,0
전북,고창군,00시-02시,1,0,1,0,1,0
전북,고창군,02시-04시,1,0,1,0,1,0
전북,고창군,04시-06시,4,2,6,4,2,0
전북,고창군,06시-08시,10,0,12,4,7,1
전북,고창군,08시-10시,16,1,24,12,12,0
전북,고창군,10시-12시,16,0,25,11,14,0
전북,고창군,12시-14시,11,0,15,3,11,1
전북,고창군,14시-16시,13,6,22,10,12,0
전북,고창군,16시-18시,20,3,27,12,14,1
전북,고창군,18시-20시,16,5,28,6,22,0
전북,고창군,20시-22시,12,1,17,8,9,0
전북,고창군,22시-24시,7,1,8,3,4,1
전북,부안군,00시-02시,5,1,6,2,4,0
전북,부안군,02시-04시,4,0,6,1,5,0
전북,부안군,04시-06시,9,1,11,5,6,0
전북,부안군,06시-08시,17,1,24,8,16,0
전북,부안군,08시-10시,33,1,49,16,33,0
전북,부안군,10시-12시,35,0,49,20,29,0
전북,부안군,12시-14시,42,1,70,18,52,0
전북,부안군,14시-16시,47,0,86,30,56,0
전북,부안군,16시-18시,37,1,71,14,56,1
전북,부안군,18시-20시,28,3,41,13,26,2
전북,부안군,20시-22시,13,2,20,6,14,0
전북,부안군,22시-24시,11,0,16,3,13,0
전북,익산시,00시-02시,37,2,66,16,49,1
전북,익산시,02시-04시,26,1,42,8,34,0
전북,익산시,04시-06시,26,1,37,11,26,0
전북,익산시,06시-08시,62,4,90,29,61,0
전북,익산시,08시-10시,113,4,176,34,140,2
전북,익산시,10시-12시,98,0,130,33,96,1
전북,익산시,12시-14시,108,5,149,31,116,2
전북,익산시,14시-16시,98,1,146,42,101,3
전북,익산시,16시-18시,140,2,203,53,147,3
전북,익산시,18시-20시,164,7,228,53,174,1
전북,익산시,20시-22시,114,3,168,33,133,2
전북,익산시,22시-24시,63,0,92,14,77,1
전남,목포시,00시-02시,58,0,92,17,74,1
전남,목포시,02시-04시,40,2,63,11,52,0
전남,목포시,04시-06시,36,5,61,15,45,1
전남,목포시,06시-08시,74,2,115,19,95,1
전남,목포시,08시-10시,151,1,243,28,214,1
전남,목포시,10시-12시,141,1,226,23,201,2
전남,목포시,12시-14시,147,1,258,33,223,2
전남,목포시,14시-16시,154,0,271,48,219,4
전남,목포시,16시-18시,176,0,273,31,241,1
전남,목포시,18시-20시,224,1,401,41,355,5
전남,목포시,20시-22시,151,3,244,36,203,5
전남,목포시,22시-24시,105,1,173,24,146,3
전남,여수시,00시-02시,61,2,90,14,75,1
전남,여수시,02시-04시,39,0,58,11,46,1
전남,여수시,04시-06시,50,6,66,19,47,0
전남,여수시,06시-08시,99,2,131,34,95,2
전남,여수시,08시-10시,133,2,205,25,177,3
전남,여수시,10시-12시,144,4,216,45,167,4
전남,여수시,12시-14시,157,0,273,52,216,5
전남,여수시,14시-16시,180,1,280,40,227,13
전남,여수시,16시-18시,198,7,300,60,234,6
전남,여수시,18시-20시,170,5,222,61,160,1
전남,여수시,20시-22시,114,1,165,27,138,0
전남,여수시,22시-24시,118,3,196,36,151,9
전남,순천시,00시-02시,56,1,78,26,51,1
전남,순천시,02시-04시,27,0,47,7,39,1
전남,순천시,04시-06시,28,8,35,8,27,0
전남,순천시,06시-08시,64,2,96,35,60,1
전남,순천시,08시-10시,150,5,217,43,173,1
전남,순천시,10시-12시,118,1,196,52,142,2
전남,순천시,12시-14시,137,4,218,45,168,5
전남,순천시,14시-16시,132,3,189,31,151,7
전남,순천시,16시-18시,193,3,295,63,224,8
전남,순천시,18시-20시,193,1,322,73,239,10
전남,순천시,20시-22시,125,1,185,33,146,6
전남,순천시,22시-24시,102,3,174,27,142,5
전남,나주시,00시-02시,16,1,22,11,11,0
전남,나주시,02시-04시,18,1,24,7,17,0
전남,나주시,04시-06시,6,0,9,4,5,0
전남,나주시,06시-08시,42,1,70,16,53,1
전남,나주시,08시-10시,75,1,144,15,127,2
전남,나주시,10시-12시,79,3,144,31,109,4
전남,나주시,12시-14시,73,3,142,39,100,3
전남,나주시,14시-16시,62,1,110,16,83,11
전남,나주시,16시-18시,67,3,142,22,117,3
전남,나주시,18시-20시,102,7,166,25,137,4
전남,나주시,20시-22시,57,2,88,14,70,4
전남,나주시,22시-24시,46,0,78,17,60,1
전남,광양시,00시-02시,28,1,48,8,35,5
전남,광양시,02시-04시,17,0,19,7,12,0
전남,광양시,04시-06시,23,1,30,6,22,2
전남,광양시,06시-08시,47,1,82,14,64,4
전남,광양시,08시-10시,72,1,115,26,86,3
전남,광양시,10시-12시,67,3,106,23,79,4
전남,광양시,12시-14시,61,1,96,14,80,2
전남,광양시,14시-16시,64,1,96,15,80,1
전남,광양시,16시-18시,86,0,134,24,105,5
전남,광양시,18시-20시,91,3,130,23,100,7
전남,광양시,20시-22시,65,2,103,26,70,7
전남,광양시,22시-24시,45,1,73,11,58,4
전남,담양군,00시-02시,5,0,10,4,6,0
전남,담양군,02시-04시,3,0,3,2,1,0
전남,담양군,04시-06시,2,0,5,3,2,0
전남,담양군,06시-08시,14,2,17,4,12,1
전남,담양군,08시-10시,30,0,50,10,40,0
전남,담양군,10시-12시,38,2,47,16,29,2
전남,담양군,12시-14시,55,1,109,31,77,1
전남,담양군,14시-16시,54,3,124,29,91,4
전남,담양군,16시-18시,53,4,76,21,52,3
전남,담양군,18시-20시,26,1,45,7,38,0
전남,담양군,20시-22시,18,1,27,8,19,0
전남,담양군,22시-24시,7,2,5,2,3,0
전남,곡성군,00시-02시,2,0,3,1,2,0
전남,곡성군,02시-04시,1,0,1,1,0,0
전남,곡성군,04시-06시,1,0,1,1,0,0
전남,곡성군,06시-08시,5,0,5,1,4,0
전남,곡성군,08시-10시,19,0,34,5,25,4
전남,곡성군,10시-12시,22,0,31,12,19,0
전남,곡성군,12시-14시,19,0,28,12,16,0
전남,곡성군,14시-16시,18,0,22,6,14,2
전남,곡성군,16시-18시,20,1,27,8,17,2
전남,곡성군,18시-20시,11,1,14,3,10,1
전남,곡성군,20시-22시,2,0,5,4,1,0
전남,곡성군,22시-24시,2,0,5,1,4,0
전남,구례군,02시-04시,1,1,1,0,1,0
전남,구례군,04시-06시,1,0,1,1,0,0
전남,구례군,06시-08시,5,1,4,1,3,0
전남,구례군,08시-10시,12,1,15,7,8,0
전남,구례군,10시-12시,19,0,29,5,23,1
전남,구례군,12시-14시,16,1,19,10,8,1
전남,구례군,14시-16시,22,2,27,3,20,4
전남,구례군,16시-18시,12,1,18,4,14,0
전남,구례군,18시-20시,14,0,21,6,11,4
전남,구례군,20시-22시,2,0,5,2,3,0
전남,구례군,22시-24시,7,2,8,3,5,0
전남,고흥군,00시-02시,7,1,10,6,4,0
전남,고흥군,02시-04시,2,1,2,2,0,0
전남,고흥군,04시-06시,2,0,4,1,3,0
전남,고흥군,06시-08시,16,0,22,11,10,1
전남,고흥군,08시-10시,51,4,82,36,45,1
전남,고흥군,10시-12시,30,0,51,29,22,0
전남,고흥군,12시-14시,38,2,58,20,38,0
전남,고흥군,14시-16시,41,2,50,19,30,1
전남,고흥군,16시-18시,43,2,67,23,43,1
전남,고흥군,18시-20시,32,1,56,17,38,1
전남,고흥군,20시-22시,16,1,23,7,15,1
전남,고흥군,22시-24시,9,0,10,3,7,0
전남,보성군,00시-02시,3,1,5,0,4,1
전남,보성군,02시-04시,3,0,5,1,3,1
전남,보성군,04시-06시,3,0,4,1,3,0
전남,보성군,06시-08시,10,0,27,13,13,1
전남,보성군,08시-10시,49,1,72,23,47,2
전남,보성군,10시-12시,35,4,37,9,26,2
전남,보성군,12시-14시,33,1,54,16,35,3
전남,보성군,14시-16시,51,3,83,24,57,2
전남,보성군,16시-18시,25,0,40,18,21,1
전남,보성군,18시-20시,39,1,68,18,45,5
전남,보성군,20시-22시,17,2,29,4,25,0
전남,보성군,22시-24시,5,0,5,2,2,1
전남,화순군,00시-02시,5,1,4,0,3,1
전남,화순군,02시-04시,4,0,8,4,4,0
전남,화순군,04시-06시,3,0,5,0,3,2
전남,화순군,06시-08시,23,1,49,7,33,9
전남,화순군,08시-10시,31,2,53,10,39,4
전남,화순군,10시-12시,41,2,81,22,48,11
전남,화순군,12시-14시,41,1,83,17,58,8
전남,화순군,14시-16시,39,2,90,12,70,8
전남,화순군,16시-18시,37,0,79,14,54,11
전남,화순군,18시-20시,41,1,67,9,54,4
전남,화순군,20시-22시,24,0,40,7,29,4
전남,화순군,22시-24시,10,1,15,1,14,0
전남,장흥군,00시-02시,6,2,10,3,7,0
전남,장흥군,02시-04시,4,3,3,1,2,0
전남,장흥군,04시-06시,4,0,4,1,2,1
전남,장흥군,06시-08시,17,2,26,9,17,0
전남,장흥군,08시-10시,34,1,41,12,29,0
전남,장흥군,10시-12시,37,1,61,19,40,2
전남,장흥군,12시-14시,37,1,67,17,49,1
전남,장흥군,14시-16시,36,0,60,22,36,2
전남,장흥군,16시-18시,39,0,63,19,42,2
전남,장흥군,18시-20시,32,2,50,9,39,2
전남,장흥군,20시-22시,22,1,37,9,28,0
전남,장흥군,22시-24시,5,0,5,0,5,0
전남,강진군,00시-02시,3,0,3,1,1,1
전남,강진군,02시-04시,6,2,4,0,2,2
전남,강진군,04시-06시,7,3,15,7,8,0
전남,강진군,06시-08시,18,0,26,4,19,3
전남,강진군,08시-10시,41,1,64,14,47,3
전남,강진군,10시-12시,45,2,78,16,60,2
전남,강진군,12시-14시,37,0,83,13,62,8
전남,강진군,14시-16시,47,0,95,25,70,0
전남,강진군,16시-18시,42,3,71,15,55,1
전남,강진군,18시-20시,33,0,56,13,41,2
전남,강진군,20시-22시,13,0,26,5,17,4
전남,강진군,22시-24시,10,3,15,4,10,1
전남,해남군,00시-02시,6,0,10,1,9,0
전남,해남군,02시-04시,1,0,1,0,1,0
전남,해남군,04시-06시,3,0,4,2,2,0
전남,해남군,06시-08시,20,3,26,11,14,1
전남,해남군,08시-10시,70,0,115,31,82,2
전남,해남군,10시-12시,57,3,86,29,57,0
전남,해남군,12시-14시,56,3,87,20,67,0
전남,해남군,14시-16시,38,1,59,20,38,1
전남,해남군,16시-18시,43,1,61,15,46,0
전남,해남군,18시-20시,40,5,59,14,42,3
전남,해남군,20시-22시,19,0,30,7,23,0
전남,해남군,22시-24시,13,1,14,4,10,0
전남,영암군,00시-02시,4,0,7,1,6,0
전남,영암군,02시-04시,6,0,10,2,6,2
전남,영암군,04시-06시,14,0,22,7,15,0
전남,영암군,06시-08시,51,2,79,20,58,1
전남,영암군,08시-10시,67,3,96,24,72,0
전남,영암군,10시-12시,62,1,117,33,82,2
전남,영암군,12시-14시,64,1,134,19,114,1
전남,영암군,14시-16시,53,2,96,19,77,0
전남,영암군,16시-18시,60,8,121,26,95,0
전남,영암군,18시-20시,62,6,100,13,87,0
전남,영암군,20시-22시,35,1,60,14,43,3
전남,영암군,22시-24시,10,0,21,4,17,0
전남,무안군,00시-02시,9,1,18,6,12,0
전남,무안군,02시-04시,4,0,6,0,6,0
전남,무안군,04시-06시,4,1,3,2,1,0
전남,무안군,06시-08시,15,0,20,6,14,0
전남,무안군,08시-10시,48,3,76,22,54,0
전남,무안군,10시-12시,47,2,70,9,60,1
전남,무안군,12시-14시,41,2,70,11,56,3
전남,무안군,14시-16시,46,3,70,21,49,0
전남,무안군,16시-18시,52,1,73,12,60,1
전남,무안군,18시-20시,41,1,50,11,38,1
전남,무안군,20시-22시,26,0,39,9,29,1
전남,무안군,22시-24시,17,3,25,7,18,0
전남,함평군,00시-02시,4,0,5,0,3,2
전남,함평군,02시-04시,1,0,5,2,3,0
전남,함평군,04시-06시,6,0,9,2,3,4
전남,함평군,06시-08시,11,0,14,5,6,3
전남,함평군,08시-10시,36,1,71,16,40,15
전남,함평군,10시-12시,30,1,47,12,26,9
전남,함평군,12시-14시,34,1,67,16,42,9
전남,함평군,14시-16시,35,1,64,16,40,8
전남,함평군,16시-18시,18,0,23,3,18,2
전남,함평군,18시-20시,20,1,34,8,21,5
전남,함평군,20시-22시,9,1,12,2,8,2
전남,함평군,22시-24시,5,0,7,2,4,1
전남,영광군,00시-02시,7,1,11,2,9,0
전남,영광군,02시-04시,4,1,6,2,4,0
전남,영광군,04시-06시,6,0,9,4,5,0
전남,영광군,06시-08시,12,1,18,11,6,1
전남,영광군,08시-10시,29,1,46,16,28,2
전남,영광군,10시-12시,38,3,57,18,36,3
전남,영광군,12시-14시,32,0,54,16,38,0
전남,영광군,14시-16시,31,1,46,14,30,2
전남,영광군,16시-18시,26,3,34,3,30,1
전남,영광군,18시-20시,32,2,43,11,32,0
전남,영광군,20시-22시,16,1,21,7,13,1
전남,영광군,22시-24시,12,2,16,2,14,0
전남,장성군,00시-02시,3,0,4,3,1,0
전남,장성군,02시-04시,3,1,3,2,1,0
전남,장성군,04시-06시,3,0,4,2,2,0
전남,장성군,06시-08시,19,2,29,8,19,2
전남,장성군,08시-10시,26,0,42,8,30,4
전남,장성군,10시-12시,39,1,74,21,50,3
전남,장성군,12시-14시,30,1,58,13,41,4
전남,장성군,14시-16시,36,1,48,8,37,3
전남,장성군,16시-18시,35,2,60,8,45,7
전남,장성군,18시-20시,16,0,24,3,21,0
전남,장성군,20시-22시,10,0,13,1,10,2
전남,장성군,22시-24시,5,0,8,0,7,1
전남,완도군,00시-02시,5,0,6,2,4,0
전남,완도군,04시-06시,4,0,6,3,3,0
전남,완도군,06시-08시,11,1,14,4,10,0
전남,완도군,08시-10시,24,1,29,8,21,0
전남,완도군,10시-12시,30,2,44,9,35,0
전남,완도군,12시-14시,18,1,26,12,14,0
전남,완도군,14시-16시,18,1,29,8,20,1
전남,완도군,16시-18시,21,2,28,12,16,0
전남,완도군,18시-20시,16,3,27,10,17,0
전남,완도군,20시-22시,10,1,14,6,8,0
전남,완도군,22시-24시,10,1,10,4,6,0
전남,진도군,00시-02시,5,1,6,0,5,1
전남,진도군,02시-04시,3,0,3,1,2,0
전남,진도군,04시-06시,2,1,2,2,0,0
전남,진도군,06시-08시,5,1,12,5,7,0
전남,진도군,08시-10시,13,0,17,3,14,0
전남,진도군,10시-12시,19,1,56,14,28,14
전남,진도군,12시-14시,14,0,20,7,13,0
전남,진도군,14시-16시,18,1,24,7,17,0
전남,진도군,16시-18시,18,0,41,18,23,0
전남,진도군,18시-20시,15,0,23,13,10,0
전남,진도군,20시-22시,5,1,9,2,6,1
전남,진도군,22시-24시,6,0,8,1,6,1
전남,신안군,00시-02시,1,1,2,1,1,0
전남,신안군,02시-04시,1,0,1,0,1,0
전남,신안군,06시-08시,12,0,15,6,9,0
전남,신안군,08시-10시,14,4,18,9,9,0
전남,신안군,10시-12시,15,1,22,6,16,0
전남,신안군,12시-14시,10,1,15,7,8,0
전남,신안군,14시-16시,11,2,10,5,5,0
전남,신안군,16시-18시,12,1,18,7,11,0
전남,신안군,18시-20시,8,1,9,6,3,0
전남,신안군,20시-22시,2,0,4,1,3,0
전남,신안군,22시-24시,2,0,3,1,2,0
경북,포항시,00시-02시,112,6,155,34,115,6
경북,포항시,02시-04시,56,1,97,16,79,2
경북,포항시,04시-06시,65,12,83,33,47,3
경북,포항시,06시-08시,178,3,263,68,180,15
경북,포항시,08시-10시,279,4,381,80,293,8
경북,포항시,10시-12시,244,2,394,103,283,8
경북,포항시,12시-14시,297,5,439,89,335,15
경북,포항시,14시-16시,333,1,524,101,403,20
경북,포항시,16시-18시,349,3,533,109,404,20
경북,포항시,18시-20시,406,8,596,122,462,12
경북,포항시,20시-22시,235,4,373,68,293,12
경북,포항시,22시-24시,208,4,312,84,222,6
경북,경주시,00시-02시,52,2,80,26,51,3
경북,경주시,02시-04시,20,2,23,10,13,0
경북,경주시,04시-06시,21,0,30,7,21,2
경북,경주시,06시-08시,90,3,125,53,70,2
경북,경주시,08시-10시,177,4,267,87,159,21
경북,경주시,10시-12시,157,2,264,66,191,7
경북,경주시,12시-14시,189,4,308,86,211,11
경북,경주시,14시-16시,230,6,385,108,264,13
경북,경주시,16시-18시,224,3,339,110,212,17
경북,경주시,18시-20시,222,7,331,90,218,23
경북,경주시,20시-22시,147,8,233,68,150,15
경북,경주시,22시-24시,97,4,144,40,95,9
경북,김천시,00시-02시,14,0,15,1,14,0
경북,김천시,02시-04시,6,1,5,0,4,1
경북,김천시,04시-06시,15,0,18,8,10,0
경북,김천시,06시-08시,41,1,55,19,34,2
경북,김천시,08시-10시,61,1,74,18,56,0
경북,김천시,10시-12시,60,1,88,39,46,3
경북,김천시,12시-14시,67,1,103,27,76,0
경북,김천시,14시-16시,72,2,102,32,69,1
경북,김천시,16시-18시,94,3,131,37,93,1
경북,김천시,18시-20시,89,3,109,34,72,3
경북,김천시,20시-22시,64,6,82,16,62,4
경북,김천시,22시-24시,32,0,48,9,37,2
경북,안동시,00시-02시,31,0,48,9,37,2
경북,안동시,02시-04시,12,1,15,3,11,1
경북,안동시,04시-06시,13,2,12,4,8,0
경북,안동시,06시-08시,58,2,83,15,67,1
경북,안동시,08시-10시,110,1,163,44,117,2
경북,안동시,10시-12시,103,1,171,49,122,0
경북,안동시,12시-14시,109,5,159,42,111,6
경북,안동시,14시-16시,94,1,142,32,108,2
경북,안동시,16시-18시,134,2,208,55,149,4
경북,안동시,18시-20시,143,6,222,56,165,1
경북,안동시,20시-22시,75,3,112,29,83,0
경북,안동시,22시-24시,66,1,95,23,71,1
경북,구미시,00시-02시,88,2,129,27,90,12
경북,구미시,02시-04시,58,0,94,25,60,9
경북,구미시,04시-06시,62,2,95,26,59,10
경북,구미시,06시-08시,109,4,151,52,82,17
경북,구미시,08시-10시,182,5,268,85,158,25
경북,구미시,10시-12시,154,1,235,55,161,19
경북,구미시,12시-14시,178,6,271,63,185,23
경북,구미시,14시-16시,187,4,269,63,180,26
경북,구미시,16시-18시,245,2,369,88,248,33
경북,구미시,18시-20시,265,1,372,115,229,28
경북,구미시,20시-22시,230,2,343,74,245,24
경북,구미시,22시-24시,161,9,240,53,172,15
경북,영주시,00시-02시,9,0,15,8,7,0
경북,영주시,02시-04시,5,0,8,4,4,0
경북,영주시,04시-06시,13,0,19,8,10,1
경북,영주시,06시-08시,32,0,40,14,24,2
경북,영주시,08시-10시,63,1,88,31,50,7
경북,영주시,10시-12시,51,1,62,19,40,3
경북,영주시,12시-14시,64,2,90,34,47,9
경북,영주시,14시-16시,59,1,86,33,52,1
경북,영주시,16시-18시,69,1,98,31,57,10
경북,영주시,18시-20시,85,2,119,47,69,3
경북,영주시,20시-22시,63,1,100,18,77,5
경북,영주시,22시-24시,24,1,35,4,27,4
경북,영천시,00시-02시,20,1,37,7,29,1
경북,영천시,02시-04시,12,2,16,4,10,2
경북,영천시,04시-06시,15,1,19,7,12,0
경북,영천시,06시-08시,66,0,119,28,84,7
경북,영천시,08시-10시,73,1,110,22,84,4
경북,영천시,10시-12시,84,5,144,27,113,4
경북,영천시,12시-14시,89,0,166,34,121,11
경북,영천시,14시-16시,92,5,151,35,111,5
경북,영천시,16시-18시,91,0,165,40,115,10
경북,영천시,18시-20시,93,2,158,29,126,3
경북,영천시,20시-22시,50,0,77,18,56,3
경북,영천시,22시-24시,36,3,66,11,51,4
경북,문경시,00시-02시,8,0,13,3,10,0
경북,문경시,02시-04시,3,0,4,2,2,0
경북,문경시,04시-06시,13,3,16,9,7,0
경북,문경시,06시-08시,24,1,40,12,26,2
경북,문경시,08시-10시,51,3,95,29,61,5
경북,문경시,10시-12시,48,1,95,26,67,2
경북,문경시,12시-14시,55,0,95,22,71,2
경북,문경시,14시-16시,52,2,75,18,55,2
경북,문경시,16시-18시,62,0,113,32,77,4
경북,문경시,18시-20시,77,1,118,32,85,1
경북,문경시,20시-22시,30,1,44,14,30,0
경북,문경시,22시-24시,16,1,24,8,14,2
경북,상주시,00시-02시,11,1,13,3,9,1
경북,상주시,02시-04시,9,1,10,4,6,0
경북,상주시,04시-06시,9,4,9,6,3,0
경북,상주시,06시-08시,33,3,41,16,25,0
경북,상주시,08시-10시,71,2,99,39,59,1
경북,상주시,10시-12시,78,2,125,53,71,1
경북,상주시,12시-14시,75,4,100,43,56,1
경북,상주시,14시-16시,87,4,137,56,79,2
경북,상주시,16시-18시,96,3,139,45,93,1
경북,상주시,18시-20시,73,1,98,33,64,1
경북,상주시,20시-22시,40,7,54,30,24,0
경북,상주시,22시-24시,22,2,29,9,20,0
경북,군위군,00시-02시,1,1,1,0,0,1
경북,군위군,04시-06시,3,0,3,2,1,0
경북,군위군,06시-08시,4,0,5,3,2,0
경북,군위군,08시-10시,12,1,17,8,9,0
경북,군위군,10시-12시,12,1,13,8,5,0
경북,군위군,12시-14시,12,0,27,15,12,0
경북,군위군,14시-16시,8,2,7,2,4,1
경북,군위군,16시-18시,16,0,30,7,21,2
경북,군위군,18시-20시,10,1,10,7,3,0
경북,군위군,20시-22시,6,0,23,2,20,1
경북,군위군,22시-24시,2,1,1,1,0,0
경북,의성군,00시-02시,1,0,2,2,0,0
경북,의성군,02시-04시,2,1,2,1,1,0
경북,의성군,04시-06시,2,0,3,1,2,0
경북,의성군,06시-08시,15,0,27,17,10,0
경북,의성군,08시-10시,35,0,51,18,32,1
경북,의성군,10시-12시,51,3,67,34,33,0
경북,의성군,12시-14시,35,1,47,26,20,1
경북,의성군,14시-16시,39,1,53,27,26,0
경북,의성군,16시-18시,31,2,49,21,28,0
경북,의성군,18시-20시,21,0,25,16,9,0
경북,의성군,20시-22시,9,1,10,5,5,0
경북,의성군,22시-24시,12,0,15,5,9,1
경북,청송군,00시-02시,1,0,1,0,1,0
경북,청송군,04시-06시,1,1,0,0,0,0
경북,청송군,06시-08시,6,0,7,4,2,1
경북,청송군,08시-10시,11,0,14,5,8,1
경북,청송군,10시-12시,18,1,37,16,21,0
경북,청송군,12시-14시,14,4,18,4,14,0
경북,청송군,14시-16시,12,2,12,4,7,1
경북,청송군,16시-18시,18,2,32,13,18,1
경북,청송군,18시-20시,8,0,15,4,10,1
경북,청송군,20시-22시,3,0,3,1,2,0
경북,청송군,22시-24시,3,0,3,1,2,0
경북,영양군,00시-02시,1,0,1,1,0,0
경북,영양군,04시-06시,4,0,6,5,1,0
경북,영양군,06시-08시,3,0,4,2,2,0
경북,영양군,08시-10시,15,1,17,8,9,0
경북,영양군,10시-12시,10,0,16,7,9,0
경북,영양군,12시-14시,12,0,19,8,11,0
경북,영양군,14시-16시,8,0,10,4,6,0
경북,영양군,16시-18시,13,0,16,6,9,1
경북,영양군,18시-20시,9,0,16,3,12,1
경북,영양군,20시-22시,3,0,5,0,5,0
경북,영양군,22시-24시,8,0,8,4,4,0
경북,영덕군,00시-02시,6,0,13,4,8,1
경북,영덕군,02시-04시,6,0,6,5,1,0
경북,영덕군,04시-06시,6,1,7,4,1,2
경북,영덕군,06시-08시,17,0,29,13,14,2
경북,영덕군,08시-10시,29,1,46,20,25,1
경북,영덕군,10시-12시,39,3,51,14,35,2
경북,영덕군,12시-14시,36,0,78,16,59,3
경북,영덕군,14시-16시,45,1,87,28,53,6
경북,영덕군,16시-18시,31,3,47,16,30,1
경북,영덕군,18시-20시,26,2,36,9,26,1
경북,영덕군,20시-22시,15,0,25,9,13,3
경북,영덕군,22시-24시,8,0,15,6,9,0
경북,청도군,00시-02시,2,0,4,2,2,0
경북,청도군,04시-06시,8,3,15,10,5,0
경북,청도군,06시-08시,15,1,24,8,16,0
경북,청도군,08시-10시,26,1,34,11,20,3
경북,청도군,10시-12시,34,1,67,21,46,0
경북,청도군,12시-14시,18,1,35,9,24,2
경북,청도군,14시-16시,37,1,61,13,46,2
경북,청도군,16시-18시,29,2,39,18,21,0
경북,청도군,18시-20시,27,2,51,13,37,1
경북,청도군,20시-22시,17,2,21,2,18,1
경북,청도군,22시-24시,8,1,10,3,7,0
경북,고령군,00시-02시,5,2,6,3,3,0
경북,고령군,04시-06시,2,1,1,1,0,0
경북,고령군,06시-08시,12,1,14,6,8,0
경북,고령군,08시-10시,30,1,48,13,33,2
경북,고령군,10시-12시,24,0,31,13,18,0
경북,고령군,12시-14시,27,2,38,8,28,2
경북,고령군,14시-16시,21,0,33,15,18,0
경북,고령군,16시-18시,26,1,47,15,32,0
경북,고령군,18시-20시,24,1,28,13,15,0
경북,고령군,20시-22시,13,1,26,10,15,1
경북,고령군,22시-24시,5,1,5,2,3,0
경북,성주군,00시-02시,11,0,15,5,10,0
경북,성주군,02시-04시,8,2,6,3,3,0
경북,성주군,04시-06시,5,0,8,5,2,1
경북,성주군,06시-08시,18,0,28,10,18,0
경북,성주군,08시-10시,40,0,58,27,31,0
경북,성주군,10시-12시,43,1,64,21,43,0
경북,성주군,12시-14시,36,2,46,16,30,0
경북,성주군,14시-16시,23,3,28,11,17,0
경북,성주군,16시-18시,39,2,54,10,44,0
경북,성주군,18시-20시,21,1,29,7,22,0
경북,성주군,20시-22시,22,2,39,18,21,0
경북,성주군,22시-24시,11,0,21,11,10,0
경북,칠곡군,00시-02시,24,1,41,9,23,9
경북,칠곡군,02시-04시,13,1,21,10,4,7
경북,칠곡군,04시-06시,22,1,32,15,14,3
경북,칠곡군,06시-08시,45,0,69,17,43,9
경북,칠곡군,08시-10시,81,1,128,26,84,18
경북,칠곡군,10시-12시,58,2,95,24,56,15
경북,칠곡군,12시-14시,74,3,114,17,75,22
경북,칠곡군,14시-16시,77,1,106,34,59,13
경북,칠곡군,16시-18시,104,4,164,21,104,39
경북,칠곡군,18시-20시,100,2,175,36,98,41
경북,칠곡군,20시-22시,71,1,116,28,67,21
경북,칠곡군,22시-24시,34,0,41,12,22,7
경북,예천군,00시-02시,3,0,5,3,2,0
경북,예천군,02시-04시,2,0,2,1,1,0
경북,예천군,04시-06시,3,0,6,2,4,0
경북,예천군,06시-08시,14,0,21,11,10,0
경북,예천군,08시-10시,31,2,44,29,15,0
경북,예천군,10시-12시,25,1,29,25,4,0
경북,예천군,12시-14시,27,0,36,24,12,0
경북,예천군,14시-16시,18,0,21,15,6,0
경북,예천군,16시-18시,30,2,40,24,16,0
경북,예천군,18시-20시,21,2,30,20,10,0
경북,예천군,20시-22시,6,1,11,5,6,0
경북,예천군,22시-24시,8,1,14,4,10,0
경북,봉화군,02시-04시,2,0,3,1,2,0
경북,봉화군,04시-06시,2,0,3,1,2,0
경북,봉화군,06시-08시,7,0,8,1,5,2
경북,봉화군,08시-10시,24,0,32,5,21,6
경북,봉화군,10시-12시,22,1,39,6,29,4
경북,봉화군,12시-14시,23,0,45,15,25,5
경북,봉화군,14시-16시,20,0,39,13,22,4
경북,봉화군,16시-18시,20,0,33,7,21,5
경북,봉화군,18시-20시,17,0,26,6,18,2
경북,봉화군,20시-22시,7,0,19,12,7,0
경북,봉화군,22시-24시,5,0,10,0,9,1
경북,울진군,00시-02시,1,1,0,0,0,0
경북,울진군,02시-04시,2,0,3,3,0,0
경북,울진군,04시-06시,2,0,2,1,1,0
경북,울진군,06시-08시,5,1,5,4,1,0
경북,울진군,08시-10시,12,1,13,5,8,0
경북,울진군,10시-12시,26,0,34,14,18,2
경북,울진군,12시-14시,17,1,23,13,10,0
경북,울진군,14시-16시,26,1,44,16,24,4
경북,울진군,16시-18시,23,0,33,13,19,1
경북,울진군,18시-20시,14,0,23,10,12,1
경북,울진군,20시-22시,10,0,11,9,2,0
경북,울진군,22시-24시,11,3,13,10,3,0
경북,울릉군,06시-08시,1,0,1,1,0,0
경북,울릉군,08시-10시,2,0,2,1,1,0
경북,울릉군,10시-12시,5,1,5,3,2,0
경북,울릉군,12시-14시,1,0,2,0,2,0
경북,울릉군,14시-16시,4,0,11,1,9,1
경북,울릉군,16시-18시,3,0,3,1,2,0
경북,울릉군,18시-20시,3,0,6,5,1,0
경북,울릉군,20시-22시,3,0,3,2,1,0
경북,경산시,00시-02시,51,3,76,23,52,1
경북,경산시,02시-04시,27,0,37,8,26,3
경북,경산시,04시-06시,33,4,39,16,23,0
경북,경산시,06시-08시,70,3,92,27,64,1
경북,경산시,08시-10시,107,1,144,37,106,1
경북,경산시,10시-12시,98,3,128,44,83,1
경북,경산시,12시-14시,97,2,123,40,81,2
경북,경산시,14시-16시,117,5,169,55,111,3
경북,경산시,16시-18시,137,2,181,46,131,4
경북,경산시,18시-20시,169,6,220,59,153,8
경북,경산시,20시-22시,112,5,147,40,104,3
경북,경산시,22시-24시,95,5,137,30,106,1
경남,진주시,00시-02시,34,0,50,22,28,0
경남,진주시,02시-04시,22,1,30,17,13,0
경남,진주시,04시-06시,29,3,42,14,25,3
경남,진주시,06시-08시,41,2,56,28,26,2
경남,진주시,08시-10시,68,1,85,45,38,2
경남,진주시,10시-12시,81,3,105,59,40,6
경남,진주시,12시-14시,72,1,95,43,49,3
경남,진주시,14시-16시,87,3,118,59,56,3
경남,진주시,16시-18시,118,1,147,71,73,3
경남,진주시,18시-20시,110,5,128,74,53,1
경남,진주시,20시-22시,92,3,124,59,63,2
경남,진주시,22시-24시,71,0,93,48,41,4
경남,통영시,00시-02시,16,0,24,6,16,2
경남,통영시,02시-04시,16,2,22,3,17,2
경남,통영시,04시-06시,17,1,21,9,10,2
경남,통영시,06시-08시,45,0,71,23,47,1
경남,통영시,08시-10시,75,1,124,39,80,5
경남,통영시,10시-12시,72,2,102,21,79,2
경남,통영시,12시-14시,87,0,132,36,90,6
경남,통영시,14시-16시,93,2,123,41,78,4
경남,통영시,16시-18시,100,1,157,40,109,8
경남,통영시,18시-20시,68,1,110,29,74,7
경남,통영시,20시-22시,56,4,80,19,58,3
경남,통영시,22시-24시,39,2,57,17,37,3
경남,김해시,00시-02시,67,1,95,37,55,3
경남,김해시,02시-04시,58,1,90,36,51,3
경남,김해시,04시-06시,58,3,88,42,40,6
경남,김해시,06시-08시,158,4,221,88,123,10
경남,김해시,08시-10시,223,3,334,125,200,9
경남,김해시,10시-12시,175,3,263,104,149,10
경남,김해시,12시-14시,172,3,247,90,152,5
경남,김해시,14시-16시,225,1,347,123,204,20
경남,김해시,16시-18시,266,3,395,142,239,14
경남,김해시,18시-20시,302,6,425,132,277,16
경남,김해시,20시-22시,200,4,302,95,200,7
경남,김해시,22시-24시,148,3,233,79,149,5
경남,밀양시,00시-02시,5,0,7,0,5,2
경남,밀양시,02시-04시,6,1,12,7,5,0
경남,밀양시,04시-06시,5,0,6,1,4,1
경남,밀양시,06시-08시,20,1,24,10,12,2
경남,밀양시,08시-10시,47,1,65,25,37,3
경남,밀양시,10시-12시,61,3,99,31,67,1
경남,밀양시,12시-14시,41,1,62,22,38,2
경남,밀양시,14시-16시,55,3,84,34,49,1
경남,밀양시,16시-18시,48,2,64,24,39,1
경남,밀양시,18시-20시,38,1,59,19,38,2
경남,밀양시,20시-22시,30,1,41,23,16,2
경남,밀양시,22시-24시,15,1,18,9,9,0
경남,거제시,00시-02시,36,0,56,21,35,0
경남,거제시,02시-04시,15,1,17,6,10,1
경남,거제시,04시-06시,18,1,24,7,16,1
경남,거제시,06시-08시,72,1,97,35,60,2
경남,거제시,08시-10시,83,0,104,25,79,0
경남,거제시,10시-12시,77,2,116,22,94,0
경남,거제시,12시-14시,79,0,117,40,76,1
경남,거제시,14시-16시,91,0,121,34,86,1
경남,거제시,16시-18시,125,2,168,53,112,3
경남,거제시,18시-20시,116,1,165,59,104,2
경남,거제시,20시-22시,88,2,118,48,70,0
경남,거제시,22시-24시,56,1,68,21,47,0
경남,의령군,00시-02시,1,0,1,0,1,0
경남,의령군,06시-08시,6,1,5,2,3,0
경남,의령군,08시-10시,20,1,26,12,14,0
경남,의령군,10시-12시,26,0,33,8,24,1
경남,의령군,12시-14시,18,1,24,7,15,2
경남,의령군,14시-16시,22,1,39,12,25,2
경남,의령군,16시-18시,16,3,22,11,10,1
경남,의령군,18시-20시,14,3,16,8,8,0
경남,의령군,20시-22시,4,0,5,3,2,0
경남,의령군,22시-24시,3,0,5,3,2,0
경남,함안군,00시-02시,3,1,3,1,2,0
경남,함안군,02시-04시,3,0,3,2,1,0
경남,함안군,04시-06시,5,0,11,4,7,0
경남,함안군,06시-08시,22,2,29,8,21,0
경남,함안군,08시-10시,30,3,43,17,25,1
경남,함안군,10시-12시,32,3,37,14,22,1
경남,함안군,12시-14시,30,0,49,22,23,4
경남,함안군,14시-16시,28,2,44,10,28,6
경남,함안군,16시-18시,40,2,63,19,44,0
경남,함안군,18시-20시,34,3,44,14,28,2
경남,함안군,20시-22시,35,7,43,22,19,2
경남,함안군,22시-24시,11,2,14,2,12,0
경남,창녕군,00시-02시,6,1,9,1,8,0
경남,창녕군,02시-04시,3,0,3,2,0,1
경남,창녕군,04시-06시,6,1,8,3,5,0
경남,창녕군,06시-08시,25,0,42,19,12,11
경남,창녕군,08시-10시,41,1,66,30,35,1
경남,창녕군,10시-12시,45,2,65,25,39,1
경남,창녕군,12시-14시,46,2,79,31,45,3
경남,창녕군,14시-16시,36,1,57,11,40,6
경남,창녕군,16시-18시,52,2,68,20,44,4
경남,창녕군,18시-20시,34,2,50,20,24,6
경남,창녕군,20시-22시,23,1,31,13,18,0
경남,창녕군,22시-24시,19,1,24,5,18,1
경남,양산시,00시-02시,41,1,57,23,25,9
경남,양산시,02시-04시,24,4,34,12,20,2
경남,양산시,04시-06시,21,0,34,15,18,1
경남,양산시,06시-08시,75,3,103,34,59,10
경남,양산시,08시-10시,111,1,156,41,99,16
경남,양산시,10시-12시,98,4,148,37,96,15
경남,양산시,12시-14시,101,4,156,57,81,18
경남,양산시,14시-16시,122,0,172,56,105,11
경남,양산시,16시-18시,129,2,198,62,114,22
경남,양산시,18시-20시,190,4,284,80,179,25
경남,양산시,20시-22시,113,1,158,51,91,16
경남,양산시,22시-24시,81,3,112,36,71,5
경남,고성군,00시-02시,3,0,4,0,4,0
경남,고성군,02시-04시,2,0,5,0,5,0
경남,고성군,04시-06시,6,1,5,3,2,0
경남,고성군,06시-08시,21,1,26,12,14,0
경남,고성군,08시-10시,29,3,51,18,33,0
경남,고성군,10시-12시,30,0,51,23,28,0
경남,고성군,12시-14시,31,6,42,23,18,1
경남,고성군,14시-16시,28,0,38,22,15,1
경남,고성군,16시-18시,27,5,32,12,20,0
경남,고성군,18시-20시,39,5,56,19,36,1
경남,고성군,20시-22시,17,0,23,11,12,0
경남,고성군,22시-24시,10,0,19,7,12,0
경남,사천시,00시-02시,18,0,32,10,20,2
경남,사천시,02시-04시,5,1,7,3,2,2
경남,사천시,04시-06시,19,3,30,8,20,2
경남,사천시,06시-08시,44,1,61,13,44,4
경남,사천시,08시-10시,69,1,92,40,50,2
경남,사천시,10시-12시,54,1,70,27,40,3
경남,사천시,12시-14시,66,1,115,29,80,6
경남,사천시,14시-16시,67,1,113,31,72,10
경남,사천시,16시-18시,89,0,163,39,95,29
경남,사천시,18시-20시,83,2,121,35,70,16
경남,사천시,20시-22시,50,1,92,32,57,3
경남,사천시,22시-24시,43,1,77,26,40,11
경남,남해군,00시-02시,3,0,3,2,1,0
경남,남해군,04시-06시,4,0,6,4,2,0
경남,남해군,06시-08시,5,0,6,4,1,1
경남,남해군,08시-10시,28,0,39,30,8,1
경남,남해군,10시-12시,32,0,43,27,15,1
경남,남해군,12시-14시,25,1,42,20,16,6
경남,남해군,14시-16시,28,1,49,27,18,4
경남,남해군,16시-18시,29,1,43,19,18,6
경남,남해군,18시-20시,17,2,25,13,11,1
경남,남해군,20시-22시,11,1,13,8,2,3
경남,남해군,22시-24시,5,0,7,1,5,1
경남,하동군,00시-02시,1,0,1,1,0,0
경남,하동군,04시-06시,4,1,7,2,5,0
경남,하동군,06시-08시,9,0,15,9,5,1
경남,하동군,08시-10시,18,2,20,15,5,0
경남,하동군,10시-12시,23,1,31,12,19,0
경남,하동군,12시-14시,21,0,30,15,15,0
경남,하동군,14시-16시,18,1,25,8,15,2
경남,하동군,16시-18시,21,3,23,8,14,1
경남,하동군,18시-20시,18,1,20,10,10,0
경남,하동군,20시-22시,9,0,11,7,3,1
경남,하동군,22시-24시,7,1,8,4,3,1
경남,산청군,00시-02시,4,0,5,2,1,2
경남,산청군,02시-04시,2,1,1,1,0,0
경남,산청군,04시-06시,3,0,3,2,1,0
경남,산청군,06시-08시,13,0,19,7,10,2
경남,산청군,08시-10시,30,2,46,19,26,1
경남,산청군,10시-12시,22,1,34,12,18,4
경남,산청군,12시-14시,31,2,56,26,23,7
경남,산청군,14시-16시,20,0,29,12,17,0
경남,산청군,16시-18시,19,0,29,13,12,4
경남,산청군,18시-20시,22,1,39,16,17,6
경남,산청군,20시-22시,11,4,11,5,5,1
경남,산청군,22시-24시,6,0,8,3,3,2
경남,함양군,00시-02시,5,1,7,1,5,1
경남,함양군,02시-04시,5,3,9,5,3,1
경남,함양군,06시-08시,7,1,9,4,5,0
경남,함양군,08시-10시,20,1,25,7,12,6
경남,함양군,10시-12시,31,0,57,27,25,5
경남,함양군,12시-14시,19,0,29,9,16,4
경남,함양군,14시-16시,25,2,31,15,10,6
경남,함양군,16시-18시,18,3,34,12,20,2
경남,함양군,18시-20시,20,2,42,11,26,5
경남,함양군,20시-22시,9,1,12,8,3,1
경남,함양군,22시-24시,6,1,8,3,5,0
경남,거창군,00시-02시,9,0,11,3,8,0
경남,거창군,02시-04시,3,0,3,2,1,0
경남,거창군,04시-06시,4,0,7,3,4,0
경남,거창군,06시-08시,10,0,14,7,7,0
경남,거창군,08시-10시,26,1,29,14,15,0
경남,거창군,10시-12시,32,2,42,14,28,0
경남,거창군,12시-14시,24,1,34,20,13,1
경남,거창군,14시-16시,24,0,35,18,15,2
경남,거창군,16시-18시,40,1,56,24,31,1
경남,거창군,18시-20시,32,0,38,18,18,2
경남,거창군,20시-22시,25,3,35,14,20,1
경남,거창군,22시-24시,13,0,20,8,12,0
경남,합천군,00시-02시,1,0,1,0,1,0
경남,합천군,02시-04시,1,0,1,0,0,1
경남,합천군,04시-06시,2,0,2,1,0,1
경남,합천군,06시-08시,5,0,6,6,0,0
경남,합천군,08시-10시,27,0,38,15,22,1
경남,합천군,10시-12시,26,1,32,19,12,1
경남,합천군,12시-14시,16,0,21,9,10,2
경남,합천군,14시-16시,21,1,26,8,16,2
경남,합천군,16시-18시,34,1,42,18,18,6
경남,합천군,18시-20시,18,3,19,11,7,1
경남,합천군,20시-22시,9,1,12,2,9,1
경남,합천군,22시-24시,8,2,21,8,12,1
경남,창원시(통합),00시-02시,117,5,172,55,111,6
경남,창원시(통합),02시-04시,88,7,121,45,71,5
경남,창원시(통합),04시-06시,83,6,105,44,57,4
경남,창원시(통합),06시-08시,179,2,228,82,138,8
경남,창원시(통합),08시-10시,285,2,407,117,278,12
경남,창원시(통합),10시-12시,278,6,357,118,233,6
경남,창원시(통합),12시-14시,264,3,386,112,262,12
경남,창원시(통합),14시-16시,320,3,465,145,301,19
경남,창원시(통합),16시-18시,348,6,483,162,307,14
경남,창원시(통합),18시-20시,412,10,574,171,391,12
경남,창원시(통합),20시-22시,318,8,461,138,312,11
경남,창원시(통합),22시-24시,224,6,294,97,185,12
제주,제주시,00시-02시,141,2,204,45,131,28
제주,제주시,02시-04시,81,8,102,25,64,13
제주,제주시,04시-06시,54,1,86,19,60,7
제주,제주시,06시-08시,162,3,243,51,172,20
제주,제주시,08시-10시,287,0,438,80,314,44
제주,제주시,10시-12시,260,6,384,93,258,33
제주,제주시,12시-14시,337,1,542,102,384,56
제주,제주시,14시-16시,369,3,593,100,424,69
제주,제주시,16시-18시,431,4,661,120,471,70
제주,제주시,18시-20시,412,6,587,124,396,67
제주,제주시,20시-22시,278,6,410,76,286,48
제주,제주시,22시-24시,191,2,281,54,178,49
제주,서귀포시,00시-02시,49,5,68,22,35,11
제주,서귀포시,02시-04시,21,0,24,6,11,7
제주,서귀포시,04시-06시,17,2,24,12,12,0
제주,서귀포시,06시-08시,62,5,97,31,36,30
제주,서귀포시,08시-10시,128,1,200,46,116,38
제주,서귀포시,10시-12시,135,5,223,62,127,34
제주,서귀포시,12시-14시,148,1,250,58,155,37
제주,서귀포시,14시-16시,146,4,291,55,162,74
제주,서귀포시,16시-18시,168,3,328,79,218,31
제주,서귀포시,18시-20시,171,6,281,60,166,55
제주,서귀포시,20시-22시,128,6,180,58,101,21
제주,서귀포시,22시-24시,63,2,114,25,70,19
대구,중구,00시-02시,59,0,102,27,63,12
대구,중구,02시-04시,59,0,94,24,63,7
대구,중구,04시-06시,56,1,92,16,66,10
대구,중구,06시-08시,42,1,57,11,39,7
대구,중구,08시-10시,79,0,106,24,69,13
대구,중구,10시-12시,98,1,135,31,86,18
대구,중구,12시-14시,116,0,173,38,107,28
대구,중구,14시-16시,128,0,184,29,127,28
대구,중구,16시-18시,129,1,173,34,114,25
대구,중구,18시-20시,113,0,167,33,110,24
대구,중구,20시-22시,73,0,102,25,67,10
대구,중구,22시-24시,68,1,87,19,63,5
대구,동구,00시-02시,80,2,122,33,83,6
대구,동구,02시-04시,51,0,67,15,49,3
대구,동구,04시-06시,41,4,48,23,23,2
대구,동구,06시-08시,86,3,117,32,77,8
대구,동구,08시-10시,182,3,246,51,178,17
대구,동구,10시-12시,160,0,235,51,154,30
대구,동구,12시-14시,155,2,229,55,163,11
대구,동구,14시-16시,197,3,284,66,199,19
대구,동구,16시-18시,240,0,344,73,240,31
대구,동구,18시-20시,231,1,313,72,208,33
대구,동구,20시-22시,174,2,253,60,162,31
대구,동구,22시-24시,121,0,186,43,130,13
대구,서구,00시-02시,59,3,95,16,69,10
대구,서구,02시-04시,40,1,52,13,38,1
대구,서구,04시-06시,42,3,51,14,32,5
대구,서구,06시-08시,70,1,92,19,67,6
대구,서구,08시-10시,114,1,159,27,115,17
대구,서구,10시-12시,125,3,163,42,103,18
대구,서구,12시-14시,116,0,157,34,114,9
대구,서구,14시-16시,136,1,197,42,132,23
대구,서구,16시-18시,149,2,218,52,154,12
대구,서구,18시-20시,198,2,285,53,193,39
대구,서구,20시-22시,119,0,175,33,127,15
대구,서구,22시-24시,82,0,129,34,89,6
대구,남구,00시-02시,46,0,61,16,41,4
대구,남구,02시-04시,31,0,52,19,32,1
대구,남구,04시-06시,35,0,46,13,29,4
대구,남구,06시-08시,35,0,47,13,33,1
대구,남구,08시-10시,77,0,114,21,90,3
대구,남구,10시-12시,102,0,140,25,109,6
대구,남구,12시-14시,94,0,122,25,89,8
대구,남구,14시-16시,104,3,145,28,108,9
대구,남구,16시-18시,94,0,146,32,106,8
대구,남구,18시-20시,89,1,136,26,96,14
대구,남구,20시-22시,92,1,136,22,104,10
대구,남구,22시-24시,60,0,112,23,79,10
대구,북구,00시-02시,104,2,179,39,113,27
대구,북구,02시-04시,64,5,93,25,60,8
대구,북구,04시-06시,80,4,118,28,79,11
대구,북구,06시-08시,142,2,195,50,133,12
대구,북구,08시-10시,253,0,387,96,269,22
대구,북구,10시-12시,192,3,272,60,196,16
대구,북구,12시-14시,182,0,263,69,169,25
대구,북구,14시-16시,245,2,357,83,239,35
대구,북구,16시-18시,316,0,469,107,322,40
대구,북구,18시-20시,366,1,492,98,340,54
대구,북구,20시-22시,240,4,338,83,223,32
대구,북구,22시-24시,174,2,251,55,170,26
대구,수성구,00시-02시,101,1,164,35,121,8
대구,수성구,02시-04시,75,1,111,33,69,9
대구,수성구,04시-06시,70,6,95,29,56,10
대구,수성구,06시-08시,80,1,127,30,90,7
대구,수성구,08시-10시,168,2,261,52,198,11
대구,수성구,10시-12시,164,0,251,54,183,14
대구,수성구,12시-14시,180,2,275,67,184,24
대구,수성구,14시-16시,221,1,321,59,237,25
대구,수성구,16시-18시,266,2,378,78,269,31
대구,수성구,18시-20시,298,0,476,89,353,34
대구,수성구,20시-22시,218,3,347,74,239,34
대구,수성구,22시-24시,175,1,258,59,183,16
대구,달서구,00시-02시,156,1,269,54,200,15
대구,달서구,02시-04시,83,1,138,33,103,2
대구,달서구,04시-06시,80,1,115,29,81,5
대구,달서구,06시-08시,186,1,254,46,193,15
대구,달서구,08시-10시,294,1,412,86,295,31
대구,달서구,10시-12시,258,0,390,70,288,32
대구,달서구,12시-14시,272,0,380,76,274,30
대구,달서구,14시-16시,303,2,447,89,329,29
대구,달서구,16시-18시,415,1,622,102,468,52
대구,달서구,18시-20시,501,1,754,140,558,56
대구,달서구,20시-22시,347,2,514,89,396,29
대구,달서구,22시-24시,215,2,334,69,245,20
대구,달성군,00시-02시,28,5,39,11,24,4
대구,달성군,02시-04시,8,0,15,5,10,0
대구,달성군,04시-06시,16,1,19,5,13,1
대구,달성군,06시-08시,54,1,76,22,51,3
대구,달성군,08시-10시,90,3,119,30,85,4
대구,달성군,10시-12시,65,0,107,29,72,6
대구,달성군,12시-14시,87,1,132,33,92,7
대구,달성군,14시-16시,92,1,142,33,100,9
대구,달성군,16시-18시,105,0,162,35,114,13
대구,달성군,18시-20시,151,0,213,49,155,9
대구,달성군,20시-22시,115,2,176,42,125,9
대구,달성군,22시-24시,57,1,79,17,59,3
인천,중구,00시-02시,19,0,30,5,25,0
인천,중구,02시-04시,13,0,27,3,21,3
인천,중구,04시-06시,19,1,33,13,15,5
인천,중구,06시-08시,29,3,45,16,27,2
인천,중구,08시-10시,63,1,104,17,80,7
인천,중구,10시-12시,40,2,61,13,45,3
인천,중구,12시-14시,50,0,82,23,51,8
인천,중구,14시-16시,43,1,57,16,38,3
인천,중구,16시-18시,52,3,78,16,57,5
인천,중구,18시-20시,67,1,113,29,81,3
인천,중구,20시-22시,63,1,96,26,67,3
인천,중구,22시-24시,35,1,61,23,36,2
인천,동구,00시-02시,7,0,13,2,10,1
인천,동구,02시-04시,3,0,4,0,4,0
인천,동구,04시-06시,5,0,9,6,3,0
인천,동구,06시-08시,7,0,7,5,2,0
인천,동구,08시-10시,20,1,26,6,17,3
인천,동구,10시-12시,9,1,13,6,7,0
인천,동구,12시-14시,15,0,27,7,16,4
인천,동구,14시-16시,17,0,22,8,13,1
인천,동구,16시-18시,27,0,38,11,26,1
인천,동구,18시-20시,27,0,34,12,18,4
인천,동구,20시-22시,11,0,13,6,6,1
인천,동구,22시-24시,8,0,10,3,6,1
인천,남구,00시-02시,87,2,133,21,94,18
인천,남구,02시-04시,39,0,57,13,39,5
인천,남구,04시-06시,59,6,75,16,52,7
인천,남구,06시-08시,58,0,81,22,52,7
인천,남구,08시-10시,112,2,158,24,119,15
인천,남구,10시-12시,79,4,121,31,82,8
인천,남구,12시-14시,97,1,123,23,81,19
인천,남구,14시-16시,97,1,133,21,95,17
인천,남구,16시-18시,129,0,182,31,130,21
인천,남구,18시-20시,150,0,213,34,163,16
인천,남구,20시-22시,115,0,148,20,105,23
인천,남구,22시-24시,105,1,166,35,117,14
인천,부평구,00시-02시,88,1,142,44,97,1
인천,부평구,02시-04시,53,3,94,17,76,1
인천,부평구,04시-06시,46,1,69,10,57,2
인천,부평구,06시-08시,68,0,90,23,61,6
인천,부평구,08시-10시,99,0,135,35,96,4
인천,부평구,10시-12시,86,1,105,23,76,6
인천,부평구,12시-14시,91,1,138,30,106,2
인천,부평구,14시-16시,112,0,163,23,134,6
인천,부평구,16시-18시,126,0,165,36,125,4
인천,부평구,18시-20시,112,1,147,36,107,4
인천,부평구,20시-22시,125,1,179,39,128,12
인천,부평구,22시-24시,103,1,158,27,127,4
인천,남동구,00시-02시,107,2,161,35,118,8
인천,남동구,02시-04시,63,1,95,24,68,3
인천,남동구,04시-06시,62,0,90,29,54,7
인천,남동구,06시-08시,100,2,144,35,103,6
인천,남동구,08시-10시,178,0,252,50,195,7
인천,남동구,10시-12시,141,0,199,33,163,3
인천,남동구,12시-14시,155,0,223,39,165,19
인천,남동구,14시-16시,168,1,224,31,175,18
인천,남동구,16시-18시,180,1,265,45,208,12
인천,남동구,18시-20시,228,0,356,60,282,14
인천,남동구,20시-22시,191,2,272,57,201,14
인천,남동구,22시-24시,134,2,228,27,194,7
인천,서구,00시-02시,70,1,117,34,82,1
인천,서구,02시-04시,38,2,61,17,43,1
인천,서구,04시-06시,55,2,84,24,59,1
인천,서구,06시-08시,79,3,106,32,73,1
인천,서구,08시-10시,142,1,182,43,130,9
인천,서구,10시-12시,107,0,148,43,100,5
인천,서구,12시-14시,109,2,158,34,118,6
인천,서구,14시-16시,142,0,196,55,136,5
인천,서구,16시-18시,154,5,204,41,156,7
인천,서구,18시-20시,182,2,238,46,184,8
인천,서구,20시-22시,131,1,174,45,125,4
인천,서구,22시-24시,105,0,155,34,115,6
인천,연수구,00시-02시,45,0,73,19,53,1
인천,연수구,02시-04시,27,2,32,6,24,2
인천,연수구,04시-06시,26,3,35,12,22,1
인천,연수구,06시-08시,33,0,47,10,33,4
인천,연수구,08시-10시,64,1,92,27,59,6
인천,연수구,10시-12시,63,0,87,25,61,1
인천,연수구,12시-14시,52,3,59,17,42,0
인천,연수구,14시-16시,65,0,96,18,75,3
인천,연수구,16시-18시,84,1,114,26,86,2
인천,연수구,18시-20시,93,4,138,36,95,7
인천,연수구,20시-22시,71,1,113,27,83,3
인천,연수구,22시-24시,64,2,92,32,58,2
인천,계양구,00시-02시,54,1,86,24,57,5
인천,계양구,02시-04시,24,1,41,10,29,2
인천,계양구,04시-06시,41,1,61,18,41,2
인천,계양구,06시-08시,60,3,76,24,48,4
인천,계양구,08시-10시,75,1,96,18,72,6
인천,계양구,10시-12시,86,1,126,30,93,3
인천,계양구,12시-14시,55,0,81,18,55,8
인천,계양구,14시-16시,73,1,102,25,71,6
인천,계양구,16시-18시,91,4,124,31,84,9
인천,계양구,18시-20시,107,0,157,36,114,7
인천,계양구,20시-22시,69,0,93,18,62,13
인천,계양구,22시-24시,67,1,92,17,70,5
인천,강화군,00시-02시,2,0,2,2,0,0
인천,강화군,02시-04시,1,0,2,1,1,0
인천,강화군,04시-06시,1,0,1,0,1,0
인천,강화군,06시-08시,13,1,16,7,8,1
인천,강화군,08시-10시,22,0,25,12,13,0
인천,강화군,10시-12시,25,0,55,15,27,13
인천,강화군,12시-14시,36,1,54,19,31,4
인천,강화군,14시-16시,30,2,39,16,22,1
인천,강화군,16시-18시,32,0,49,20,27,2
인천,강화군,18시-20시,18,1,25,8,17,0
인천,강화군,20시-22시,16,1,25,10,15,0
인천,강화군,22시-24시,6,1,7,2,5,0
인천,옹진군,00시-02시,1,0,1,0,1,0
인천,옹진군,06시-08시,3,0,5,3,2,0
인천,옹진군,10시-12시,5,0,10,2,8,0
인천,옹진군,12시-14시,2,0,3,0,3,0
인천,옹진군,14시-16시,6,2,8,3,4,1
인천,옹진군,16시-18시,4,0,6,2,2,2
인천,옹진군,18시-20시,6,0,9,3,6,0
인천,옹진군,20시-22시,7,0,10,4,5,1
인천,옹진군,22시-24시,1,0,1,1,0,0
광주,동구,00시-02시,38,0,70,8,57,5
광주,동구,02시-04시,17,0,28,2,26,0
광주,동구,04시-06시,9,0,16,3,13,0
광주,동구,06시-08시,23,0,36,5,31,0
광주,동구,08시-10시,52,0,70,14,52,4
광주,동구,10시-12시,43,0,58,13,44,1
광주,동구,12시-14시,59,0,98,14,77,7
광주,동구,14시-16시,59,0,88,11,77,0
광주,동구,16시-18시,59,0,79,17,59,3
광주,동구,18시-20시,54,0,80,13,65,2
광주,동구,20시-22시,60,2,85,5,74,6
광주,동구,22시-24시,36,1,59,5,53,1
광주,서구,00시-02시,118,2,181,19,162,0
광주,서구,02시-04시,91,2,164,18,142,4
광주,서구,04시-06시,73,0,120,14,101,5
광주,서구,06시-08시,101,0,156,20,127,9
광주,서구,08시-10시,198,0,320,24,292,4
광주,서구,10시-12시,161,1,257,21,230,6
광주,서구,12시-14시,174,1,292,21,263,8
광주,서구,14시-16시,183,0,289,31,255,3
광주,서구,16시-18시,243,0,409,32,361,16
광주,서구,18시-20시,262,2,405,41,355,9
광주,서구,20시-22시,191,1,308,43,257,8
광주,서구,22시-24시,157,2,269,33,231,5
광주,북구,00시-02시,121,1,204,16,179,9
광주,북구,02시-04시,69,1,112,21,85,6
광주,북구,04시-06시,68,2,109,19,89,1
광주,북구,06시-08시,127,2,216,32,177,7
광주,북구,08시-10시,232,5,355,37,312,6
광주,북구,10시-12시,219,1,324,58,259,7
광주,북구,12시-14시,176,2,267,26,230,11
광주,북구,14시-16시,229,2,367,42,311,14
광주,북구,16시-18시,236,1,426,38,380,8
광주,북구,18시-20시,349,2,547,63,466,18
광주,북구,20시-22시,231,2,397,49,332,16
광주,북구,22시-24시,212,4,323,32,278,13
광주,광산구,00시-02시,106,1,189,28,157,4
광주,광산구,02시-04시,60,2,105,11,92,2
광주,광산구,04시-06시,45,1,65,17,47,1
광주,광산구,06시-08시,122,2,210,48,158,4
광주,광산구,08시-10시,156,0,264,23,235,6
광주,광산구,10시-12시,156,3,262,42,214,6
광주,광산구,12시-14시,163,3,258,28,224,6
광주,광산구,14시-16시,191,4,317,31,282,4
광주,광산구,16시-18시,263,1,423,63,347,13
광주,광산구,18시-20시,314,4,501,55,427,19
광주,광산구,20시-22시,195,2,319,47,262,10
광주,광산구,22시-24시,189,3,306,46,253,7
광주,남구,00시-02시,40,1,74,13,58,3
광주,남구,02시-04시,20,0,31,0,29,2
광주,남구,04시-06시,24,3,35,5,30,0
광주,남구,06시-08시,31,1,41,10,30,1
광주,남구,08시-10시,80,2,102,15,84,3
광주,남구,10시-12시,94,0,153,24,122,7
광주,남구,12시-14시,58,1,87,19,67,1
광주,남구,14시-16시,82,2,128,20,103,5
광주,남구,16시-18시,95,0,140,23,109,8
광주,남구,18시-20시,96,0,164,23,132,9
광주,남구,20시-22시,84,1,119,21,96,2
광주,남구,22시-24시,65,0,100,12,85,3
대전,동구,00시-02시,54,2,78,14,60,4
대전,동구,02시-04시,25,0,36,13,23,0
대전,동구,04시-06시,32,3,67,27,37,3
대전,동구,06시-08시,85,4,116,42,73,1
대전,동구,08시-10시,114,0,159,43,112,4
대전,동구,10시-12시,108,1,136,22,113,1
대전,동구,12시-14시,134,2,177,29,145,3
대전,동구,14시-16시,124,2,199,40,157,2
대전,동구,16시-18시,178,2,264,44,216,4
대전,동구,18시-20시,167,1,230,64,163,3
대전,동구,20시-22시,135,3,194,36,157,1
대전,동구,22시-24시,102,4,155,24,124,7
대전,중구,00시-02시,58,1,93,13,77,3
대전,중구,02시-04시,40,2,67,13,49,5
대전,중구,04시-06시,29,2,38,6,31,1
대전,중구,06시-08시,47,0,55,21,31,3
대전,중구,08시-10시,97,2,130,26,98,6
대전,중구,10시-12시,98,0,132,29,102,1
대전,중구,12시-14시,117,2,196,28,160,8
대전,중구,14시-16시,125,1,182,29,149,4
대전,중구,16시-18시,155,1,230,35,179,16
대전,중구,18시-20시,166,0,228,42,177,9
대전,중구,20시-22시,114,1,163,39,118,6
대전,중구,22시-24시,82,0,143,26,112,5
대전,서구,00시-02시,163,2,268,49,211,8
대전,서구,02시-04시,83,2,121,18,100,3
대전,서구,04시-06시,93,3,140,29,111,0
대전,서구,06시-08시,101,1,139,28,105,6
대전,서구,08시-10시,239,0,368,61,297,10
대전,서구,10시-12시,187,4,276,49,221,6
대전,서구,12시-14시,184,3,247,48,191,8
대전,서구,14시-16시,230,0,327,55,254,18
대전,서구,16시-18시,263,0,410,67,330,13
대전,서구,18시-20시,301,0,458,61,378,19
대전,서구,20시-22시,242,3,379,54,309,16
대전,서구,22시-24시,224,4,343,50,287,6
대전,유성구,00시-02시,97,3,157,27,118,12
대전,유성구,02시-04시,57,1,81,18,60,3
대전,유성구,04시-06시,50,3,75,29,44,2
대전,유성구,06시-08시,130,3,210,35,167,8
대전,유성구,08시-10시,212,0,379,46,290,43
대전,유성구,10시-12시,177,2,295,52,237,6
대전,유성구,12시-14시,187,0,316,49,253,14
대전,유성구,14시-16시,190,0,316,34,261,21
대전,유성구,16시-18시,203,1,323,53,258,12
대전,유성구,18시-20시,283,5,429,72,339,18
대전,유성구,20시-22시,202,4,325,61,252,12
대전,유성구,22시-24시,173,0,295,47,223,25
대전,대덕구,00시-02시,31,3,38,5,31,2
대전,대덕구,02시-04시,16,0,22,5,16,1
대전,대덕구,04시-06시,27,0,32,4,25,3
대전,대덕구,06시-08시,49,3,60,16,39,5
대전,대덕구,08시-10시,111,1,157,24,122,11
대전,대덕구,10시-12시,84,2,110,29,78,3
대전,대덕구,12시-14시,90,1,125,26,89,10
대전,대덕구,14시-16시,99,0,148,32,111,5
대전,대덕구,16시-18시,110,1,174,29,120,25
대전,대덕구,18시-20시,129,2,177,31,134,12
대전,대덕구,20시-22시,82,0,134,17,102,15
대전,대덕구,22시-24시,69,0,110,22,84,4
울산,중구,00시-02시,32,0,57,14,36,7
울산,중구,02시-04시,18,1,22,5,15,2
울산,중구,04시-06시,26,3,34,13,19,2
울산,중구,06시-08시,55,2,64,20,38,6
울산,중구,08시-10시,56,0,76,10,58,8
울산,중구,10시-12시,61,0,92,23,57,12
울산,중구,12시-14시,82,2,94,22,58,14
울산,중구,14시-16시,86,0,126,33,75,18
울산,중구,16시-18시,95,0,136,29,90,17
울산,중구,18시-20시,117,2,173,35,127,11
울산,중구,20시-22시,74,0,97,26,59,12
울산,중구,22시-24시,67,0,109,21,72,16
울산,남구,00시-02시,93,2,142,47,94,1
울산,남구,02시-04시,50,4,73,25,46,2
울산,남구,04시-06시,49,3,62,23,37,2
울산,남구,06시-08시,90,2,113,35,71,7
울산,남구,08시-10시,123,1,157,50,97,10
울산,남구,10시-12시,101,3,145,33,97,15
울산,남구,12시-14시,109,0,151,49,97,5
울산,남구,14시-16시,91,0,124,34,89,1
울산,남구,16시-18시,143,2,207,58,144,5
울산,남구,18시-20시,143,1,193,52,133,8
울산,남구,20시-22시,126,4,190,51,129,10
울산,남구,22시-24시,136,1,200,46,142,12
울산,동구,00시-02시,26,0,40,14,25,1
울산,동구,02시-04시,16,3,23,8,15,0
울산,동구,04시-06시,18,0,25,7,18,0
울산,동구,06시-08시,56,1,61,17,43,1
울산,동구,08시-10시,31,0,41,12,29,0
울산,동구,10시-12시,30,0,38,12,25,1
울산,동구,12시-14시,31,0,40,12,28,0
울산,동구,14시-16시,61,0,79,21,57,1
울산,동구,16시-18시,72,0,87,23,63,1
울산,동구,18시-20시,69,1,79,26,53,0
울산,동구,20시-22시,58,0,71,24,46,1
울산,동구,22시-24시,39,1,57,14,43,0
울산,북구,00시-02시,47,0,72,17,44,11
울산,북구,02시-04시,17,1,24,4,18,2
울산,북구,04시-06시,30,0,55,13,38,4
울산,북구,06시-08시,47,2,67,23,37,7
울산,북구,08시-10시,60,2,124,29,88,7
울산,북구,10시-12시,47,2,73,16,54,3
울산,북구,12시-14시,45,1,78,24,51,3
울산,북구,14시-16시,67,1,104,28,69,7
울산,북구,16시-18시,77,1,113,29,80,4
울산,북구,18시-20시,79,2,113,36,66,11
울산,북구,20시-22시,57,0,83,21,53,9
울산,북구,22시-24시,59,4,85,21,58,6
울산,울주군,00시-02시,23,0,42,13,25,4
울산,울주군,02시-04시,15,0,19,5,13,1
울산,울주군,04시-06시,31,4,39,13,19,7
울산,울주군,06시-08시,84,5,128,39,81,8
울산,울주군,08시-10시,100,2,162,31,111,20
울산,울주군,10시-12시,82,2,151,40,93,18
울산,울주군,12시-14시,69,1,137,37,81,19
울산,울주군,14시-16시,89,3,145,33,103,9
울산,울주군,16시-18시,107,0,154,43,88,23
울산,울주군,18시-20시,97,3,143,43,89,11
울산,울주군,20시-22시,80,4,105,32,65,8
울산,울주군,22시-24시,53,0,83,25,53,5
세종,세종,00시-02시,34,3,47,15,32,0
세종,세종,02시-04시,16,2,17,10,7,0
세종,세종,04시-06시,18,0,22,5,15,2
세종,세종,06시-08시,58,3,93,28,63,2
세종,세종,08시-10시,93,1,135,40,92,3
세종,세종,10시-12시,64,2,86,26,57,3
세종,세종,12시-14시,71,1,103,24,78,1
세종,세종,14시-16시,81,0,114,29,80,5
세종,세종,16시-18시,102,5,137,35,94,8
세종,세종,18시-20시,112,1,168,34,131,3
세종,세종,20시-22시,87,1,134,19,114,1
세종,세종,22시-24시,59,1,86,23,61,2
